target_fecha,target_hora,signal_key,generated_rd,graded_at_rd,actual_primero,actual_segundo,actual_tercero,actual_nums,actual_primero_pos,actual_segundo_pos,actual_tercero_pos,top3,top12,top_pairs,top3_hits,top12_hits,top_pair_hits,top3_hit_nums,top12_hit_nums,top_pair_hit_pairs,top3_hit_positions,top12_hit_positions,hit_top3,hit_top12,hit_top_pair,edge_label,best_score,best_lift,best_mi,best_chi2,rows_used,support,notified,fingerprint
2026-03-31,10AM,2026-03-31|Anguilla|10AM,2026-03-31 09:18:52,2026-03-31 10:19:46,16,55,36,16|55|36,1ra,2da,3ra,22|78|61,22|78|61|54|89|02|90|43|47|58|53|92,22-78|22-61|22-54,0,0,0,,,,,,0,0,0,EDGE FUERTE,0.61328,2.123288,0.000808,6.308078,5301,1427,1,8cd3dd3ce387d2120d713e63aeee726d
2026-03-31,10PM,2026-03-31|Anguilla|10PM,2026-03-31 21:09:46,2026-03-31 22:55:35,32,36,64,32|36|64,1ra,2da,3ra,32|56|81,32|56|81|27|09|94|03|59|79|23|71|40,,1,1,0,32,32,,32:1ra,32:1ra,1,1,0,EDGE ELITE,1.158384,2.229968,0.000564,7.934757,5313,1440,1,ee6e1e6783145fad05df1d41f10a9d64
2026-03-31,11AM,2026-03-31|Anguilla|11AM,2026-03-31 10:46:58,2026-03-31 11:45:38,51,74,00,51|74|00,1ra,2da,3ra,81|61|94,81|61|94|27|34|12|71|83|90|65|10|89,81-27|81-61|81-34,0,0,0,,,,,,0,0,0,EDGE FUERTE,0.642943,2.443523,0.00087,9.947634,5302,1426,0,5a5c7803dd2b10fa8562b8f84f034e06
2026-03-31,12PM,2026-03-31|Anguilla|12PM,2026-03-31 11:54:43,2026-03-31 12:16:52,88,16,67,88|16|67,1ra,2da,3ra,47|24|36,47|24|36|33|16|95|46|78|08|37|15|74,47-24|24-36|47-36,0,1,0,,16,,,16:2da,0,1,0,EDGE FUERTE,0.67802,2.079311,0.000942,6.567742,5303,1419,0,4bdd0cc41039b774b3f312808cce5bb5
2026-03-31,1PM,2026-03-31|Anguilla|1PM,2026-03-31 12:58:31,2026-03-31 13:37:03,01,35,84,01|35|84,1ra,2da,3ra,50|03|84,50|03|84|47|17|81|53|74|00|21|89|55,50-84|50-03|03-17,1,1,0,84,84,,84:3ra,84:3ra,1,1,0,EDGE FUERTE,0.655395,1.880555,0.000299,3.939717,5304,1382,0,f82f11dde272ad77fc1df24aae1b32c3
2026-03-31,2PM,2026-03-31|Anguilla|2PM,2026-03-31 13:34:29,2026-03-31 14:20:59,72,54,01,72|54|01,1ra,2da,3ra,37|58|98,37|58|98|53|00|77|01|11|45|22|62|23,37-58|37-98|37-00,0,1,0,,01,,,01:3ra,0,1,0,EDGE FUERTE,0.722531,2.023522,0.000364,4.936788,5305,1363,1,572687359aa66207d579314c79405de3
2026-03-31,3PM,2026-03-31|Anguilla|3PM,2026-03-31 14:22:59,2026-03-31 15:12:03,43,38,81,43|38|81,1ra,2da,3ra,38|53|23,38|53|23|69|04|85|55|89|74|77|73|35,38-85|38-53|38-23,1,1,0,38,38,,38:2da,38:2da,1,1,0,EDGE FUERTE,0.785785,2.094749,0.000378,5.155152,5306,1348,1,3e551db7d10e50348ecc96b6d2fcb849
2026-03-31,4PM,2026-03-31|Anguilla|4PM,2026-03-31 15:15:33,2026-03-31 16:42:55,79,19,30,79|19|30,1ra,2da,3ra,48|38|41,48|38|41|62|60|82|09|39|02|85|91|58,48-41|38-41|48-38,0,0,0,,,,,,0,0,0,EDGE FUERTE,0.691574,2.337474,0.000565,8.107215,5307,1335,0,c1278e815fc8490f82b18a938db7635f
2026-03-31,5PM,2026-03-31|Anguilla|5PM,2026-03-31 16:56:18,2026-03-31 17:13:52,37,09,77,37|09|77,1ra,2da,3ra,32|66|12,32|66|12|93|16|25|11|30|57|94|06|14,32-66|66-11|32-93,0,0,0,,,,,,0,0,0,EDGE FUERTE,0.687064,2.409223,0.0006,8.716512,5308,1344,0,aa234cf216e6690cc5f3b1ec437a8564
2026-03-31,6PM,2026-03-31|Anguilla|6PM,2026-03-31 17:42:17,2026-03-31 18:10:29,45,00,09,45|00|09,1ra,2da,3ra,56|15|66,56|15|66|13|50|22|42|10|83|24|43|36,56-15|56-22|56-13,0,0,0,,,,,,0,0,0,EDGE FUERTE,0.82134,2.119361,0.000502,6.926246,5309,1388,0,072e5c10389681073432d916c28ef833
2026-03-31,7PM,2026-03-31|Anguilla|7PM,2026-03-31 18:59:29,2026-03-31 19:33:39,40,76,03,40|76|03,1ra,2da,3ra,39|47|67,39|47|67|08|46|34|53|06|87|83|60|36,39-47|39-67|39-08,0,0,0,,,,,,0,0,0,EDGE FUERTE,0.770088,2.282443,0.000593,8.414543,5310,1426,0,70403c147d43868309f77b0583f2937f
2026-03-31,8AM,2026-03-31|Anguilla|8AM,2026-03-31 07:50:44,2026-03-31 08:11:52,36,54,25,36|54|25,1ra,2da,3ra,87|23|75,87|23|75|53|07|86|84|89|95|19|35|03,87-23|87-75|87-53,0,0,0,,,,,,0,0,0,EDGE FUERTE,0.805234,2.235351,0.000568,7.985501,5299,1442,0,34c8a95dd5cc30657cfd668061d1a4fc
2026-03-31,8PM,2026-03-31|Anguilla|8PM,2026-03-31 19:43:23,2026-03-31 20:09:12,58,07,95,58|07|95,1ra,2da,3ra,02|07|80,02|07|80|57|33|42|86|38|56|77|82|60,,1,1,0,07,07,,07:2da,07:2da,1,1,0,EDGE ELITE,1.059618,3.069942,0.001392,22.261092,5311,1456,0,290e242fe63c84cb52c45c5cf0273a8a
2026-03-31,9AM,2026-03-31|Anguilla|9AM,2026-03-31 08:09:17,2026-03-31 09:20:59,52,11,05,52|11|05,1ra,2da,3ra,71|23|04,71|23|04|94|74|89|39|81|90|87|02|00,71-04|71-23|71-74,0,0,0,,,,,,0,0,0,EDGE FUERTE,1.033346,2.574179,0.000753,11.212499,5300,1428,1,d1186be809d07e7f1047479a36edf6ee
2026-03-31,9PM,2026-03-31|Anguilla|9PM,2026-03-31 20:07:07,2026-03-31 21:12:22,80,86,78,80|86|78,1ra,2da,3ra,67|56|38,67|56|38|83|03|49|92|25|65|00|42|96,,0,0,0,,,,,,0,0,0,EDGE ELITE,1.188125,2.459259,0.000625,9.154762,5312,1447,1,dc3f6b098d51c74bb1d3e6ebe59e86b6
2026-04-01,10AM,2026-04-01|Anguilla|10AM,2026-04-01 09:23:56,2026-04-01 10:21:00,60,12,17,60|12|17,1ra,2da,3ra,12|42|29,12|42|29|99|02|52|47|90|16|84|56|86,,1,1,0,12,12,,12:2da,12:2da,1,1,0,EDGE REAL,1.079151,2.48259,0.000702,10.322804,5316,1380,0,6e91bfd8d6a2008d955dc6c6fc6add61
2026-04-01,10PM,2026-04-01|Anguilla|10PM,2026-04-01 21:50:07,2026-04-01 22:40:12,39,67,47,39|67|47,1ra,2da,3ra,33|39|16,33|39|16|47|12|32|17|78|82|65|74|38,,1,2,0,39,39|47,,39:1ra,39:1ra|47:3ra,1,1,0,EDGE MODERADO,1.11917,2.345355,0.000627,9.013062,5328,1406,1,c57ba4d17d3fcb80e1aad9e5ad6be0bd
2026-04-01,11AM,2026-04-01|Anguilla|11AM,2026-04-01 10:50:27,2026-04-01 11:24:10,25,01,63,25|01|63,1ra,2da,3ra,80|53|18,80|53|18|78|08|58|89|50|29|82|77|76,,0,0,0,,,,,,0,0,0,EDGE REAL,1.592527,2.188414,0.000857,6.953189,5317,1414,0,6868e0c9370df61e30a72d4ddeb9f7f6
2026-04-01,12PM,2026-04-01|Anguilla|12PM,2026-04-01 11:59:15,2026-04-01 12:36:10,59,34,62,59|34|62,1ra,2da,3ra,44|75|42,44|75|42|01|82|71|39|73|32|61|16|67,,0,0,0,,,,,,0,0,0,EDGE MODERADO,1.280315,2.593767,0.00098,14.622447,5318,1422,0,8fecb3ce92aecdc94546a6351df5e06c
2026-04-01,1PM,2026-04-01|Anguilla|1PM,2026-04-01 12:34:03,2026-04-01 13:09:38,18,39,33,18|39|33,1ra,2da,3ra,53|38|14,53|38|14|20|90|60|89|65|37|47|48|33,,0,1,0,,33,,,33:3ra,0,1,0,EDGE MODERADO,1.191279,2.407156,0.000475,6.916635,5319,1392,1,906c5c55dc6bd0b579bc6582c1c16582
2026-04-01,2PM,2026-04-01|Anguilla|2PM,2026-04-01 13:16:56,2026-04-01 14:04:21,40,87,81,40|87|81,1ra,2da,3ra,38|93|35,38|93|35|53|34|51|33|21|26|90|72|39,,0,0,0,,,,,,0,0,0,EDGE MODERADO,1.334401,2.436042,0.000677,9.875497,5320,1385,0,9d43f57f9aa05ab5a489bf9e876722f9
2026-04-01,3PM,2026-04-01|Anguilla|3PM,2026-04-01 14:01:47,2026-04-01 15:11:18,09,28,13,09|28|13,1ra,2da,3ra,22|95|57,22|95|57|02|32|62|42|04|09|15|18|96,,0,1,0,,09,,,09:1ra,0,1,0,EDGE MODERADO,1.095107,2.233381,0.000868,7.218335,5321,1385,1,d59efc319beca7dc08826ccbc93c106e
2026-04-01,4PM,2026-04-01|Anguilla|4PM,2026-04-01 15:19:20,2026-04-01 16:07:58,86,30,49,86|30|49,1ra,2da,3ra,74|32|11,74|32|11|42|82|65|04|39|08|93|38|48,,0,0,0,,,,,,0,0,0,EDGE REAL,1.070739,2.259779,0.00058,8.211595,5322,1441,0,080515c848be09dd01f416bcb0acc161
2026-04-01,5PM,2026-04-01|Anguilla|5PM,2026-04-01 16:59:59,2026-04-01 17:16:25,38,54,23,38|54|23,1ra,2da,3ra,32|33|56,32|33|56|42|15|90|06|60|09|36|19|47,,0,0,0,,,,,,0,0,0,EDGE REAL,1.1307,2.339692,0.000507,7.287592,5323,1400,0,77388ec5f4d6f0ac1176afde27a7e266
2026-04-01,6PM,2026-04-01|Anguilla|6PM,2026-04-01 17:53:47,2026-04-01 18:16:36,81,77,11,81|77|11,1ra,2da,3ra,74|18|68,74|18|68|38|20|71|02|30|82|27|54|67,,0,0,0,,,,,,0,0,0,EDGE MODERADO,1.300131,2.194467,0.000544,7.609206,5324,1428,0,bb604fcfdd985414bdc518dd942bd9a5
2026-04-01,7PM,2026-04-01|Anguilla|7PM,2026-04-01 18:38:21,2026-04-01 19:16:37,28,63,84,28|63|84,1ra,2da,3ra,09|89|22,09|89|22|92|59|48|97|93|78|02|68|36,,0,0,0,,,,,,0,0,0,EDGE MODERADO,1.240451,2.685387,0.000964,14.614904,5325,1405,0,af9a1c0c2a0468c07f18af963d0b7a0a
2026-04-01,8AM,2026-04-01|Anguilla|8AM,2026-04-01 07:53:56,2026-04-01 09:11:06,30,93,27,30|93|27,1ra,2da,3ra,94|29|20,94|29|20|27|86|26|82|74|71|81|85|54,,0,1,0,,27,,,27:3ra,0,1,0,EDGE REAL,1.302144,2.543426,0.000875,12.96319,5314,1414,0,85d8eadaea450f32ac8071cde90b95cb
2026-04-01,8PM,2026-04-01|Anguilla|8PM,2026-04-01 19:57:09,2026-04-01 21:52:43,03,42,97,03|42|97,1ra,2da,3ra,44|98|61,44|98|61|16|74|39|23|46|87|82|10|32,,0,0,0,,,,,,0,0,0,EDGE REAL,1.259978,2.579113,0.00097,14.439128,5326,1443,0,ce51b506d43ecf198ed380a172f5d19d
2026-04-01,9PM,2026-04-01|Anguilla|9PM,2026-04-01 20:13:40,2026-04-01 21:52:43,59,91,89,59|91|89,1ra,2da,3ra,44|98|61,44|98|61|16|74|39|23|46|87|10|82|32,,0,0,0,,,,,,0,0,0,EDGE REAL,1.259785,2.578628,0.00097,14.433148,5326,1443,1,89f9356a2e59c955cae6ce0bad6fe512
2026-04-02,10AM,2026-04-02|Anguilla|10AM,2026-04-02 09:48:50,2026-04-02 10:11:30,86,62,47,86|62|47,1ra,2da,3ra,61|24|38,61|24|38|33|58|11|95|34|22|83|54|84,,0,0,0,,,,,,0,0,0,EDGE REAL,0.961779,2.732271,0.000755,11.573317,5331,1375,1,9e16b615434ca99577f05fc9c47fb80e
2026-04-02,11AM,2026-04-02|Anguilla|11AM,2026-04-02 10:08:55,2026-04-02 11:18:16,94,22,82,94|22|82,1ra,2da,3ra,32|46|14,32|46|14|44|18|47|94|59|36|62|39|61,,0,1,0,,94,,,94:1ra,0,1,0,EDGE REAL,0.961186,2.340572,0.000507,7.294279,5332,1344,1,75f8cb012b30b600ebada9647c83df42
2026-04-02,12PM,2026-04-02|Anguilla|12PM,2026-04-02 11:15:36,2026-04-02 12:16:22,66,87,23,66|87|23,1ra,2da,3ra,20|13|43,20|13|43|99|57|44|51|77|69|67|27|96,,0,0,0,,,,,,0,0,0,EDGE REAL,1.499068,2.845979,0.000977,15.203016,5333,1362,1,f2ef7ec6d8ab5c02186d2b878b8d7dd0
2026-04-02,1PM,2026-04-02|Anguilla|1PM,2026-04-02 12:14:10,2026-04-02 13:14:57,60,46,62,60|46|62,1ra,2da,3ra,19|62|74,19|62|74|20|66|43|31|27|95|60|76|32,,1,2,0,62,62|60,,62:3ra,62:3ra|60:1ra,1,1,0,EDGE REAL,1.429261,2.263516,0.000831,7.478102,5334,1411,1,58f0bb8f7aed442af1caa87b6036fd07
2026-04-02,2PM,2026-04-02|Anguilla|2PM,2026-04-02 13:12:19,2026-04-02 14:06:46,20,52,19,20|52|19,1ra,2da,3ra,97|01|33,97|01|33|12|90|78|48|59|44|21|89|14,,0,0,0,,,,,,0,0,0,EDGE MODERADO,0.900884,1.896671,0.000739,4.050017,5335,1423,1,5af08fc4f299333d34e263bb450f6ac4
2026-04-02,3PM,2026-04-02|Anguilla|3PM,2026-04-02 14:04:41,2026-04-02 15:09:02,15,97,64,15|97|64,1ra,2da,3ra,40|44|92,40|44|92|68|58|72|96|16|42|56|32|01,,0,0,0,,,,,,0,0,0,EDGE MODERADO,1.093365,2.226041,0.000561,7.892275,5336,1446,1,34be360cb045cce59f7a87030072448e
2026-04-02,4PM,2026-04-02|Anguilla|4PM,2026-04-02 15:59:39,2026-04-02 17:16:56,87,42,02,87|42|02,1ra,2da,3ra,70|02|29,70|02|29|04|97|43|17|86|84|06|98|50,,1,1,0,02,02,,02:3ra,02:3ra,1,1,0,EDGE REAL,1.078351,2.451548,0.000944,10.964968,5337,1397,0,8d5c4dbcd5096ee0382fad2edd961d97
2026-04-02,5PM,2026-04-02|Anguilla|5PM,2026-04-02 16:48:21,2026-04-02 17:16:56,75,94,88,75|94|88,1ra,2da,3ra,70|02|43,70|02|43|29|04|97|17|86|84|06|98|50,,0,0,0,,,,,,0,0,0,EDGE REAL,1.078108,2.451087,0.000945,10.960192,5337,1397,1,73ba59344096ea3324ca2a501543d0c2
2026-04-02,6PM,2026-04-02|Anguilla|6PM,2026-04-02 17:23:29,2026-04-02 18:15:53,27,73,97,27|73|97,1ra,2da,3ra,99|72|69,99|72|69|81|12|80|17|67|57|05|62|20,,0,0,0,,,,,,0,0,0,EDGE REAL,1.191716,2.649492,0.001094,16.453927,5339,1414,0,f069f54bf50b81b806c294c288ffb27b
2026-04-02,7PM,2026-04-02|Anguilla|7PM,2026-04-02 18:49:28,2026-04-02 19:22:28,88,71,12,88|71|12,1ra,2da,3ra,06|48|76,06|48|76|62|19|92|81|28|95|51|08|66,,0,0,0,,,,,,0,0,0,EDGE REAL,1.012637,2.300826,0.000602,8.586093,5340,1411,0,ac09cf612874add45a42224337ffa24f
2026-04-02,8AM,2026-04-02|Anguilla|8AM,2026-04-02 07:45:34,2026-04-02 08:42:34,96,84,11,96|84|11,1ra,2da,3ra,52|21|44,52|21|44|93|28|54|83|01|66|03|64|46,,0,0,0,,,,,,0,0,0,SEÑAL DÉBIL,1.068665,1.953263,0.00037,4.955242,5329,1402,0,7aeb38233a123edde72aac441634880e
2026-04-02,8PM,2026-04-02|Anguilla|8PM,2026-04-02 19:57:56,2026-04-02 22:35:55,26,46,90,26|46|90,1ra,2da,3ra,53|41|84,53|41|84|89|79|81|38|82|09|85|34|78,,0,0,0,,,,,,0,0,0,EDGE MODERADO,1.180129,2.629055,0.000707,10.65561,5341,1420,0,f350b901b8a58cabd842694049a1e56a
2026-04-02,9AM,2026-04-02|Anguilla|9AM,2026-04-02 08:40:00,2026-04-02 09:51:27,11,74,03,11|74|03,1ra,2da,3ra,22|37|83,22|37|83|02|74|45|00|98|53|51|95|33,,0,1,0,,74,,,74:2da,0,1,0,SEÑAL DÉBIL,1.178763,2.220598,0.000505,7.11136,5330,1398,0,b28e37adbb9e1b3f9a8b7e25db6aa754
2026-04-04,10AM,2026-04-04|Anguilla|10AM,2026-04-04 09:55:45,2026-04-04 10:08:02,81,40,68,81|40|68,1ra,2da,3ra,45|85|11,45|85|11|50|83|57|16|38|19|89|44|28,,0,0,0,,,,,,0,0,0,SEÑAL DÉBIL,1.097312,2.222874,0.000508,7.130071,5346,1416,0,62ffca49c06fec83e59f5b1d0426330b
2026-04-04,10PM,2026-04-04|Anguilla|10PM,2026-04-04 21:22:03,2026-04-04 22:50:46,88,78,82,88|78|82,1ra,2da,3ra,27|42|04,27|42|04|85|63|39|62|20|91|30|75|07,,0,0,0,,,,,,0,0,0,EDGE MODERADO,0.850298,2.022393,0.000322,4.368073,5358,1384,1,e5f43cfa17d007b8011dfee591638ade
2026-04-04,11AM,2026-04-04|Anguilla|11AM,2026-04-04 10:34:56,2026-04-04 11:14:54,23,56,13,23|56|13,1ra,2da,3ra,42|57|09,42|57|09|81|74|48|15|05|84|20|14|26,,0,0,0,,,,,,0,0,0,EDGE REAL,1.101521,2.481548,0.000703,10.306819,5347,1453,0,f42da4cdc40f73a869745aafef676982
2026-04-04,12PM,2026-04-04|Anguilla|12PM,2026-04-04 11:46:10,2026-04-04 12:07:56,80,18,10,80|18|10,1ra,2da,3ra,05|74|11,05|74|11|82|65|32|16|93|76|90|61|19,,0,0,0,,,,,,0,0,0,EDGE MODERADO,1.194717,2.413098,0.000729,10.562715,5348,1471,0,25db0c9ce11126001ee92b48fdf63017
2026-04-04,1PM,2026-04-04|Anguilla|1PM,2026-04-04 12:57:05,2026-04-04 13:28:33,22,79,80,22|79|80,1ra,2da,3ra,09|56|59,09|56|59|38|69|14|33|15|04|35|42|29,,0,0,0,,,,,,0,0,0,EDGE MODERADO,1.276572,2.142626,0.000496,6.46868,5349,1459,0,9346b79814966aadc49276ba650837d3
2026-04-04,2PM,2026-04-04|Anguilla|2PM,2026-04-04 13:36:53,2026-04-04 14:56:02,73,18,11,73|18|11,1ra,2da,3ra,40|82|10,40|82|10|61|51|00|94|56|20|13|71|12,,0,0,0,,,,,,0,0,0,EDGE REAL,1.102014,2.399918,0.000658,9.526511,5350,1447,0,ad9e0036ceb16bcfd4377f3b631333ba
2026-04-04,3PM,2026-04-04|Anguilla|3PM,2026-04-04 14:57:59,2026-04-04 15:16:23,94,20,01,94|20|01,1ra,2da,3ra,14|33|11,14|33|11|38|51|88|93|22|82|81|12|54,,0,0,0,,,,,,0,0,0,EDGE MODERADO,1.049566,1.988424,0.000366,4.68953,5351,1398,1,9d5c73fc0b6206a0a5b1917fcab4c2b2
2026-04-04,4PM,2026-04-04|Anguilla|4PM,2026-04-04 15:59:18,2026-04-04 16:18:29,57,73,70,57|73|70,1ra,2da,3ra,86|40|69,86|40|69|41|18|53|88|75|84|44|99|20,,0,0,0,,,,,,0,0,0,SEÑAL DÉBIL,1.283542,2.33573,0.000505,7.250828,5352,1398,0,06833e7f0aa1ea8bd3999d3a2a9cf608
2026-04-04,5PM,2026-04-04|Anguilla|5PM,2026-04-04 16:45:02,2026-04-04 17:11:38,70,85,32,70|85|32,1ra,2da,3ra,08|02|76,08|02|76|39|66|91|85|41|37|95|92|53,,0,1,0,,85,,,85:2da,0,1,0,SEÑAL DÉBIL,1.037627,2.112093,0.000452,6.218518,5353,1452,0,50f56a14af19d088f38393159ede2de9
2026-04-04,6PM,2026-04-04|Anguilla|6PM,2026-04-04 17:48:57,2026-04-04 18:15:30,01,59,22,01|59|22,1ra,2da,3ra,26|79|85,26|79|85|86|89|29|14|61|30|08|59|28,,0,1,0,,59,,,59:2da,0,1,0,EDGE MODERADO,1.410251,2.764327,0.000852,13.079856,5354,1464,0,d979ff80be8887c6200d02f694378330
2026-04-04,7PM,2026-04-04|Anguilla|7PM,2026-04-04 18:51:36,2026-04-04 19:10:22,01,26,29,01|26|29,1ra,2da,3ra,79|43|23,79|43|23|62|12|51|47|13|86|34|20|88,,0,0,0,,,,,,0,0,0,SEÑAL DÉBIL,0.999238,2.172971,0.000533,7.408865,5355,1429,0,870dbc4ea72908c4c6d94998794ac85d
2026-04-04,8AM,2026-04-04|Anguilla|8AM,2026-04-04 07:54:31,2026-04-04 08:59:51,15,60,60,15|60|60,1ra,2da,3ra,18|53|92,18|53|92|84|70|82|02|81|48|93|11|13,,0,0,0,,,,,,0,0,0,SEÑAL DÉBIL,1.097742,2.681756,0.00081,12.271666,5344,1374,0,4b271e6312c51c424fddaec145825aae
2026-04-04,8PM,2026-04-04|Anguilla|8PM,2026-04-04 19:59:40,2026-04-04 20:13:53,89,72,92,89|72|92,1ra,2da,3ra,53|43|32,53|43|32|42|44|52|69|12|75|38|09|35,,0,0,0,,,,,,0,0,0,EDGE MODERADO,1.097271,2.404577,0.000475,6.899285,5356,1360,0,395214773bdd17a1be8cfa6bf9af164c
2026-04-04,9AM,2026-04-04|Anguilla|9AM,2026-04-04 08:57:18,2026-04-04 09:58:14,68,90,69,68|90|69,1ra,2da,3ra,18|21|02,18|21|02|29|43|01|23|70|78|13|51|20,,0,0,0,,,,,,0,0,0,EDGE REAL,1.23988,2.171354,0.000532,7.397631,5345,1400,1,2c2cd1db7b41f1270f2fbcbc39e5c84c
2026-04-04,9PM,2026-04-04|Anguilla|9PM,2026-04-04 20:11:17,2026-04-04 21:24:36,57,06,42,57|06|42,1ra,2da,3ra,54|85|53,54|85|53|77|29|82|46|03|21|63|28|37,,0,0,0,,,,,,0,0,0,EDGE MODERADO,1.085778,2.154808,0.000473,6.570048,5357,1337,1,d4cf0b39779b4ea6ef3f148f674f6955
2026-04-05,10AM,2026-04-05|Anguilla|10AM,2026-04-05 09:15:55,2026-04-05 10:04:33,19,40,04,19|40|04,1ra,2da,3ra,92|02|38,92|02|38|47|77|79|11|33|83|86|13|17,,0,0,0,,,,,,0,0,0,EDGE MODERADO,1.072066,2.126603,0.000411,5.685583,5361,1386,1,f190c3c7ad7bfedef7752ab4df185ee5
2026-04-05,10PM,2026-04-05|Anguilla|10PM,2026-04-05 21:08:18,2026-04-05 22:52:10,69,16,85,69|16|85,1ra,2da,3ra,24|32|38,24|32|38|92|95|57|99|52|55|62|83|44,,0,0,0,,,,,,0,0,0,EDGE REAL,0.953666,2.421533,0.000614,8.956515,5373,1404,1,aa0cb1adf4543d81e66bd6c686833678
2026-04-05,11AM,2026-04-05|Anguilla|11AM,2026-04-05 10:51:44,2026-04-05 11:08:03,72,57,65,72|57|65,1ra,2da,3ra,18|53|68,18|53|68|27|56|45|92|93|61|91|74|09,,0,0,0,,,,,,0,0,0,EDGE REAL,1.308321,2.663686,0.0008,12.092767,5362,1348,0,15651d4c31868a13e92f190dd57acb00
2026-04-05,12PM,2026-04-05|Anguilla|12PM,2026-04-05 11:33:33,2026-04-05 12:54:02,93,85,22,93|85|22,1ra,2da,3ra,43|24|28,43|24|28|77|99|62|15|25|29|96|54|03,,0,0,0,,,,,,0,0,0,EDGE MODERADO,1.052928,2.101584,0.000358,4.832948,5363,1398,0,a869b9a5005b30352da3283e48bab833
2026-04-05,1PM,2026-04-05|Anguilla|1PM,2026-04-05 12:51:56,2026-04-05 13:34:54,48,14,74,48|14|74,1ra,2da,3ra,85|00|43,85|00|43|01|61|95|47|71|51|89|32|36,,0,0,0,,,,,,0,0,0,SEÑAL DÉBIL,1.266981,2.010149,0.0004,5.398968,5364,1400,0,6d9e84149ddd2288f75700b2e360bd92
2026-04-05,2PM,2026-04-05|Anguilla|2PM,2026-04-05 13:32:22,2026-04-05 14:55:57,97,93,30,97|93|30,1ra,2da,3ra,83|24|51,83|24|51|46|39|31|95|98|47|60|52|62,,0,0,0,,,,,,0,0,0,SEÑAL DÉBIL,1.019338,2.318309,0.000555,7.936213,5365,1451,0,bfbb884f07c6a85cb423830247a10fcf
2026-04-05,3PM,2026-04-05|Anguilla|3PM,2026-04-05 14:53:21,2026-04-05 15:10:24,32,10,24,32|10|24,1ra,2da,3ra,18|32|06,18|32|06|93|89|86|48|60|72|44|52|47,,1,1,0,32,32,,32:1ra,32:1ra,1,1,0,SEÑAL DÉBIL,0.957465,2.154221,0.000473,6.560381,5366,1387,0,fb28f738405b6bef7af16c2501aea550
2026-04-05,4PM,2026-04-05|Anguilla|4PM,2026-04-05 15:46:43,2026-04-05 16:18:50,79,80,72,79|80|72,1ra,2da,3ra,59|96|29,59|96|29|26|09|35|86|56|14|28|20|15,,0,0,0,,,,,,0,0,0,EDGE MODERADO,1.13687,2.651349,0.000856,11.969452,5367,1387,0,86f1a8cdef1bd0b8318b60c23352c02e
2026-04-05,5PM,2026-04-05|Anguilla|5PM,2026-04-05 16:53:01,2026-04-05 17:10:48,24,29,30,24|29|30,1ra,2da,3ra,12|00|61,12|00|61|29|56|54|89|49|71|64|10|21,,0,1,0,,29,,,29:2da,0,1,0,EDGE MODERADO,1.092576,2.324178,0.000616,8.809411,5368,1380,0,53a3946400052812d149467ef591de22
2026-04-05,6PM,2026-04-05|Anguilla|6PM,2026-04-05 17:59:24,2026-04-05 18:45:07,12,61,63,12|61|63,1ra,2da,3ra,87|88|35,87|88|35|12|74|43|13|22|20|95|86|33,,0,1,0,,12,,,12:1ra,0,1,0,EDGE MODERADO,1.181702,2.048077,0.000419,5.701124,5369,1403,0,906b88b917a95ffb220c3c958e65a83f
2026-04-05,7PM,2026-04-05|Anguilla|7PM,2026-04-05 18:42:36,2026-04-05 19:20:42,91,83,94,91|83|94,1ra,2da,3ra,53|85|71,53|85|71|87|69|44|15|18|82|04|20|62,,0,0,0,,,,,,0,0,0,EDGE MODERADO,1.164173,2.645271,0.000715,10.792325,5370,1423,1,889b0fefae2c0fd406ee8e14c4e8f939
2026-04-05,8AM,2026-04-05|Anguilla|8AM,2026-04-05 07:58:08,2026-04-05 09:18:29,03,99,31,03|99|31,1ra,2da,3ra,24|79|81,24|79|81|84|89|57|32|94|34|72|53|05,,0,0,0,,,,,,0,0,0,SEÑAL DÉBIL,0.948593,2.271832,0.000539,7.659084,5359,1398,0,484d4c284e5747839c93ce1daf354398
2026-04-05,8PM,2026-04-05|Anguilla|8PM,2026-04-05 19:53:44,2026-04-05 20:46:05,59,91,19,59|91|19,1ra,2da,3ra,17|20|69,17|20|69|59|16|39|43|42|85|15|37|80,,0,1,0,,59,,,59:1ra,0,1,0,EDGE MODERADO,1.014197,2.093886,0.000488,6.697675,5371,1458,0,1f9ff0e314a204f7bea938a547cce8b0
2026-04-05,9PM,2026-04-05|Anguilla|9PM,2026-04-05 20:43:33,2026-04-05 21:10:56,82,86,07,82|86|07,1ra,2da,3ra,39|17|33,39|17|33|16|47|58|42|60|93|86|70|66,,0,1,0,,86,,,86:2da,0,1,0,EDGE REAL,1.292055,2.460036,0.000822,12.00581,5372,1438,1,041fc4bd7c678e02abb31e53a61c332a
2026-04-06,10AM,2026-04-06|Anguilla|10AM,2026-04-06 09:59:05,2026-04-06 10:25:25,37,32,49,37|32|49,1ra,2da,3ra,63|67|70,63|67|70|22|39|29|27|32|13|52|55|35,,0,1,0,,32,,,32:2da,0,1,0,EDGE REAL,0.90509,2.211057,0.000598,8.48341,5376,1426,1,eeb5c87e33a24b1658b6c38aeec0ca4f
2026-04-06,11AM,2026-04-06|Anguilla|11AM,2026-04-06 10:59:16,2026-04-06 11:07:23,27,05,96,27|05|96,1ra,2da,3ra,56|38|54,56|38|54|84|14|53|35|30|88|87|26|95,,0,0,0,,,,,,0,0,0,EDGE MODERADO,0.837147,2.286139,0.000532,7.665048,5377,1410,0,4a4122fd62b6dbba053bcdd085afee8a
2026-04-06,12PM,2026-04-06|Anguilla|12PM,2026-04-06 11:57:13,2026-04-06 12:13:08,57,17,42,57|17|42,1ra,2da,3ra,95|74|53,95|74|53|69|96|73|84|76|04|75|23|68,,0,0,0,,,,,,0,0,0,EDGE MODERADO,0.650123,2.28307,0.00053,7.630057,5378,1390,0,00d62ae6366a95e05dd0014ae1c04e8f
2026-04-06,1PM,2026-04-06|Anguilla|1PM,2026-04-06 12:57:08,2026-04-06 13:38:47,31,43,80,31|43|80,1ra,2da,3ra,27|90|39,27|90|39|25|76|38|85|92|36|20|17|18,,0,0,0,,,,,,0,0,0,EDGE REAL,0.825003,2.400852,0.000649,9.531446,5379,1425,0,532b9377ea04e9d0f6991f39275095e5
2026-04-06,2PM,2026-04-06|Anguilla|2PM,2026-04-06 13:52:48,2026-04-06 15:01:36,72,03,27,72|03|27,1ra,2da,3ra,40|45|79,40|45|79|89|81|21|98|17|48|41|14|74,,0,0,0,,,,,,0,0,0,NO JUGAR,0.632475,2.118277,0.000448,6.266671,5380,1409,0,4ba2cce9fc63b05256a9a82ca0eae07d
2026-04-06,4PM,2026-04-06|Anguilla|4PM,2026-04-06 15:56:50,2026-04-06 17:24:15,39,49,53,39|49|53,1ra,2da,3ra,62|44|21,62|44|21|02|09|75|93|01|49|36|19|55,,0,1,0,,49,,,49:2da,0,1,0,EDGE REAL,0.726684,2.562044,0.000596,9.015337,5382,1404,0,f13838da0cad4dfca1ec371c2b113214
2026-04-06,5PM,2026-04-06|Anguilla|5PM,2026-04-06 16:42:02,2026-04-06 17:24:15,95,59,04,95|59|04,1ra,2da,3ra,62|44|21,62|44|21|02|09|75|93|01|49|36|19|55,,0,0,0,,,,,,0,0,0,EDGE REAL,0.726684,2.562044,0.000596,9.015337,5382,1404,1,05a7696e2417108999a400d2ade80c87
2026-04-06,6PM,2026-04-06|Anguilla|6PM,2026-04-06 17:24:09,2026-04-06 18:50:17,11,48,91,11|48|91,1ra,2da,3ra,92|22|33,92|22|33|67|74|70|53|75|09|68|65|86,,0,0,0,,,,,,0,0,0,NO JUGAR,0.700779,2.213108,0.000444,6.324711,5384,1378,1,3cc11726cc1972abb4f773e042f9b0c0
2026-04-06,7PM,2026-04-06|Anguilla|7PM,2026-04-06 18:50:12,2026-04-06 19:23:59,09,83,15,09|83|15,1ra,2da,3ra,39|92|05,39|92|05|52|99|16|33|78|51|68|86|70,,0,0,0,,,,,,0,0,0,EDGE MODERADO,0.686139,2.43716,0.000795,11.739828,5385,1372,0,466fcbb3b983b2f401cb2a5d56e1507f
2026-04-06,8AM,2026-04-06|Anguilla|8AM,2026-04-06 07:49:16,2026-04-06 08:39:45,83,79,83,83|79|83,1ra,2da,3ra,85|27|91,85|27|91|95|74|48|69|66|61|82|13|67,,0,0,0,,,,,,0,0,0,EDGE REAL,0.844916,2.295868,0.000593,8.544827,5374,1380,0,d2dcebad8f116bce1a517705f455fbc8
2026-04-06,8PM,2026-04-06|Anguilla|8PM,2026-04-06 19:59:33,2026-04-06 20:08:25,19,44,62,19|44|62,1ra,2da,3ra,93|95|74,93|95|74|83|25|84|48|17|56|70|44|45,,0,1,0,,44,,,44:2da,0,1,0,EDGE MODERADO,0.672457,2.329676,0.00061,8.859138,5386,1424,0,509b1b158f4ddec5223757fd0cecb117
2026-04-06,9AM,2026-04-06|Anguilla|9AM,2026-04-06 08:39:40,2026-04-06 09:59:11,73,59,45,73|59|45,1ra,2da,3ra,25|91|16,25|91|16|74|77|12|80|83|39|63|78|71,,0,0,0,,,,,,0,0,0,EDGE MODERADO,0.866542,2.167863,0.000473,6.667162,5375,1402,1,18707709de0ea6217ada513d13a42aaf
2026-04-06,9PM,2026-04-06|Anguilla|9PM,2026-04-06 20:08:19,2026-04-06 22:43:13,20,45,68,20|45|68,1ra,2da,3ra,71|59|66,71|59|66|20|61|91|58|39|63|29|85|14,,0,1,0,,20,,,20:1ra,0,1,0,NO JUGAR,0.699105,1.982945,0.00034,4.648988,5387,1415,1,31bfc7b119064249e494b5cdcd56551c
2026-04-07,10AM,2026-04-07|Anguilla|10AM,2026-04-07 09:20:42,2026-04-07 10:54:01,83,73,94,83|73|94,1ra,2da,3ra,38|85|80,38|85|80|09|75|33|60|04|95|25|36|87,,0,0,0,,,,,,0,0,0,EDGE REAL,0.862708,2.550142,0.000659,9.944518,5391,1396,1,39dbd1307a4f2ce227844aceef70d960
2026-04-07,10PM,2026-04-07|Anguilla|10PM,2026-04-07 21:46:42,2026-04-07 22:43:53,95,00,02,95|00|02,1ra,2da,3ra,12|07|97,12|07|97|70|56|96|00|09|06|32|24|90,,0,1,0,,00,,,00:2da,0,1,0,EDGE REAL,0.834975,2.632079,0.000842,12.876688,5403,1475,1,45b537b2401022b746eba6e582125077
2026-04-07,11AM,2026-04-07|Anguilla|11AM,2026-04-07 10:53:55,2026-04-07 11:11:39,85,49,39,85|49|39,1ra,2da,3ra,01|61|99,01|61|99|80|08|66|88|44|83|96|62|81,,0,0,0,,,,,,0,0,0,EDGE MODERADO,0.688427,2.34394,0.000559,8.148255,5392,1462,1,f919b3c7eb7c4927a150a6b87d2be437
2026-04-07,12PM,2026-04-07|Anguilla|12PM,2026-04-07 11:11:34,2026-04-07 12:10:52,69,25,34,69|25|34,1ra,2da,3ra,66|29|95,66|29|95|83|41|56|47|36|54|79|43|96,,0,0,0,,,,,,0,0,0,NO JUGAR,0.624167,2.175035,0.000489,6.727087,5393,1457,1,f7a78c7f9d043409a9f029aff923549d
2026-04-07,1PM,2026-04-07|Anguilla|1PM,2026-04-07 12:14:27,2026-04-07 13:18:18,35,08,21,35|08|21,1ra,2da,3ra,75|68|14,75|68|14|51|11|98|69|76|78|71|23|89,,0,0,0,,,,,,0,0,0,NO JUGAR,0.606965,1.978869,0.000491,5.150645,5394,1438,0,bcde372ae4ff33b06ebb4a58cbdb2e8a
2026-04-07,2PM,2026-04-07|Anguilla|2PM,2026-04-07 13:18:13,2026-04-07 14:13:12,51,02,05,51|02|05,1ra,2da,3ra,48|32|49,48|32|49|52|78|53|81|22|42|89|14|99,,0,0,0,,,,,,0,0,0,EDGE MODERADO,0.757348,2.054598,0.000477,6.344861,5395,1421,1,784cde94d79b27777d12a467e8debcb6
2026-04-07,3PM,2026-04-07|Anguilla|3PM,2026-04-07 14:13:06,2026-04-07 15:18:56,60,91,45,60|91|45,1ra,2da,3ra,12|76|24,12|76|24|78|55|53|58|95|82|74|98|06,,0,0,0,,,,,,0,0,0,EDGE REAL,0.733102,2.645963,0.000851,13.026524,5396,1426,1,8f29180ed840a91e4a21b4b76d90774c
2026-04-07,4PM,2026-04-07|Anguilla|4PM,2026-04-07 15:34:07,2026-04-07 16:16:39,85,81,04,85|81|04,1ra,2da,3ra,05|58|02,05|58|02|20|88|00|39|23|37|68|17|13,,0,0,0,,,,,,0,0,0,EDGE MODERADO,0.669116,1.897457,0.000861,4.780337,5397,1466,0,33847ea6f589e4313a4062cd20b41d20
2026-04-07,5PM,2026-04-07|Anguilla|5PM,2026-04-07 16:19:41,2026-04-07 17:18:07,17,44,57,17|44|57,1ra,2da,3ra,09|84|60,09|84|60|42|36|75|48|11|41|63|21|54,,0,0,0,,,,,,0,0,0,EDGE REAL,0.749919,2.643686,0.000923,14.119867,5398,1443,1,b13744f9b3ad097a746c69b807bd0abf
2026-04-07,6PM,2026-04-07|Anguilla|6PM,2026-04-07 17:55:13,2026-04-07 18:07:51,93,38,09,93|38|09,1ra,2da,3ra,15|50|08,15|50|08|58|99|91|89|06|73|09|16|51,,0,1,0,,09,,,09:3ra,0,1,0,NO JUGAR,0.597913,1.999333,0.000426,5.311,5399,1495,0,164c8413de9ed4ab5fd4ec5cb971856f
2026-04-07,7PM,2026-04-07|Anguilla|7PM,2026-04-07 18:38:52,2026-04-07 19:22:02,70,65,28,70|65|28,1ra,2da,3ra,89|08|27,89|08|27|01|74|85|52|48|32|61|82|83,,0,0,0,,,,,,0,0,0,EDGE REAL,0.758882,2.40937,0.000713,10.508654,5400,1461,0,7789f1b5df04aac0100168340759f091
2026-04-07,8AM,2026-04-07|Anguilla|8AM,2026-04-07 07:54:44,2026-04-07 08:33:46,89,61,94,89|61|94,1ra,2da,3ra,47|56|81,47|56|81|02|33|20|38|84|36|28|39|70,,0,0,0,,,,,,0,0,0,EDGE REAL,0.741475,2.393515,0.000706,10.353923,5389,1369,0,a9a6b5830c15bdaeacb07a8fb4033e6b
2026-04-07,8PM,2026-04-07|Anguilla|8PM,2026-04-07 19:22:58,2026-04-07 21:46:48,75,24,38,75|24|38,1ra,2da,3ra,10|25|76,10|25|76|39|86|11|08|55|89|90|06|13,,0,0,0,,,,,,0,0,0,EDGE MODERADO,0.663778,2.219437,0.000497,7.101102,5401,1511,0,61d724c2afb28c9bff9ab935f625c2af
2026-04-07,9AM,2026-04-07|Anguilla|9AM,2026-04-07 08:33:40,2026-04-07 09:20:47,11,17,18,11|17|18,1ra,2da,3ra,83|35|69,83|35|69|15|09|20|75|86|58|39|68|73,,0,0,0,,,,,,0,0,0,EDGE MODERADO,0.658376,2.333333,0.000561,8.18716,5390,1409,1,3b0fabbbe47acffacf1a5249ad68d2a3
2026-04-07,9PM,2026-04-07|Anguilla|9PM,2026-04-07 20:03:02,2026-04-07 21:46:48,02,73,26,02|73|26,1ra,2da,3ra,10|25|76,10|25|76|39|86|11|08|55|89|90|06|13,,0,0,0,,,,,,0,0,0,EDGE MODERADO,0.663778,2.219437,0.000497,7.101102,5401,1511,1,bb0b40163f971c8e161ff7cc7dc17060
2026-04-08,10AM,2026-04-08|Anguilla|10AM,2026-04-08 09:23:20,2026-04-08 10:53:23,74,00,93,74|00|93,1ra,2da,3ra,44|96|16,44|96|16|71|58|82|54|32|93|36|67|60,,0,1,0,,93,,,93:3ra,0,1,0,NO JUGAR,0.619738,2.155502,0.000464,6.564431,5406,1390,1,92861d6132247f9b0ba8eb6de1687664
2026-04-08,11AM,2026-04-08|Anguilla|11AM,2026-04-08 10:53:17,2026-04-08 12:15:45,94,41,90,94|41|90,1ra,2da,3ra,60|24|47,60|24|47|49|32|50|62|16|68|15|78|58,,0,0,0,,,,,,0,0,0,EDGE MODERADO,0.778374,2.160365,0.000515,7.286149,5407,1390,1,798e72aeaae1adbd67a6e4b0750a4a4d
2026-04-08,1PM,2026-04-08|Anguilla|1PM,2026-04-08 12:18:41,2026-04-08 13:20:14,78,82,85,78|82|85,1ra,2da,3ra,34|41|61,34|41|61|96|52|38|57|82|99|69|00|67,,0,1,0,,82,,,82:2da,0,1,0,EDGE REAL,0.751684,2.452839,0.00061,9.08629,5409,1453,1,42026051a74e142a4e9aa6c7676b8f99
2026-04-08,2PM,2026-04-08|Anguilla|2PM,2026-04-08 13:35:22,2026-04-08 14:50:16,09,94,28,09|94|28,1ra,2da,3ra,34|57|11,34|57|11|13|14|20|94|82|52|54|95|28,,0,2,0,,94|28,,,94:2da|28:3ra,0,1,0,NO JUGAR,0.615517,1.980476,0.000338,4.631144,5410,1468,0,0a53a319a02e5059596213c10cb21d4d
2026-04-08,3PM,2026-04-08|Anguilla|3PM,2026-04-08 14:50:11,2026-04-08 15:24:47,65,59,70,65|59|70,1ra,2da,3ra,74|19|82,74|19|82|69|83|62|39|86|55|13|32|66,,0,0,0,,,,,,0,0,0,NO JUGAR,0.659703,1.950769,0.00034,4.422651,5411,1457,1,f147d2b37e2b3811c417bc5b5e56f10b
2026-04-08,4PM,2026-04-08|Anguilla|4PM,2026-04-08 15:51:55,2026-04-08 17:31:07,63,89,98,63|89|98,1ra,2da,3ra,86|89|32,86|89|32|40|85|09|10|33|02|60|44|91,,1,1,0,89,89,,89:2da,89:2da,1,1,0,EDGE REAL,0.79577,2.609954,0.000684,10.46866,5412,1500,0,11e958662d2ec203c14fe7be06ac48b0
2026-04-08,5PM,2026-04-08|Anguilla|5PM,2026-04-08 16:43:36,2026-04-08 17:31:07,26,64,52,26|64|52,1ra,2da,3ra,86|89|32,86|89|32|40|85|09|10|33|02|60|44|91,,0,0,0,,,,,,0,0,0,EDGE REAL,0.79577,2.609954,0.000684,10.46866,5412,1500,1,9a4a96e1afd0ef220137495adf9ee6aa
2026-04-08,6PM,2026-04-08|Anguilla|6PM,2026-04-08 17:31:02,2026-04-08 18:23:29,02,01,86,02|01|86,1ra,2da,3ra,56|74|69,56|74|69|96|21|50|04|35|44|54|64|97,,0,0,0,,,,,,0,0,0,EDGE REAL,0.833377,2.464269,0.000743,11.092275,5414,1519,1,3bd97bf1fbf97a41498ec1e4e234f8f6
2026-04-08,7PM,2026-04-08|Anguilla|7PM,2026-04-08 18:23:23,2026-04-08 19:08:18,87,37,42,87|37|42,1ra,2da,3ra,53|36|90,53|36|90|03|81|95|96|94|86|12|34|68,,0,0,0,,,,,,0,0,0,NO JUGAR,0.730403,2.194862,0.000383,5.477805,5415,1442,1,73f6092a551381aec53d896664fa13bb
2026-04-08,8AM,2026-04-08|Anguilla|8AM,2026-04-08 07:55:42,2026-04-08 08:51:57,36,84,12,36|84|12,1ra,2da,3ra,58|28|26,58|28|26|29|90|83|41|24|60|95|84|17,,0,1,0,,84,,,84:2da,0,1,0,EDGE REAL,0.849926,2.50909,0.000838,12.558236,5404,1421,0,1a0a1985aa15e5097c416441213406ea
2026-04-08,8PM,2026-04-08|Anguilla|8PM,2026-04-08 19:52:23,2026-04-08 20:20:23,54,97,84,54|97|84,1ra,2da,3ra,58|85|56,58|85|56|91|62|66|16|82|27|33|38|30,,0,0,0,,,,,,0,0,0,NO JUGAR,0.591725,2.482214,0.000819,12.248916,5416,1424,0,75c559fedb4f0ee158c11e688f74bf74
2026-04-08,9AM,2026-04-08|Anguilla|9AM,2026-04-08 08:51:51,2026-04-08 09:23:25,19,98,56,19|98|56,1ra,2da,3ra,80|67|81,80|67|81|86|82|63|58|23|44|84|94|36,,0,0,0,,,,,,0,0,0,NO JUGAR,0.653517,2.101641,0.000438,6.127209,5405,1400,1,5d84acab1a26f335112c9d72aef204cd
2026-04-08,9PM,2026-04-08|Anguilla|9PM,2026-04-08 20:20:18,2026-04-08 22:38:28,66,37,67,66|37|67,1ra,2da,3ra,39|72|67,39|72|67|12|74|63|06|27|47|23|05|98,,1,1,0,67,67,,67:3ra,67:3ra,1,1,0,EDGE MODERADO,0.699763,2.910921,0.001081,17.270444,5417,1394,1,50bfd78fd6984e6f1e6fd0b6feb4c525
2026-04-09,10AM,2026-04-09|Anguilla|10AM,2026-04-09 09:43:03,2026-04-09 10:43:05,14,85,98,14|85|98,1ra,2da,3ra,77|58|53,77|58|53|05|54|99|90|66|74|22|51|11,,0,0,0,,,,,,0,0,0,EDGE REAL,0.767877,2.1668,0.000616,8.727612,5421,1413,1,96d4535d10c17050b7af66ed8b668095
2026-04-09,11AM,2026-04-09|Anguilla|11AM,2026-04-09 10:43:00,2026-04-09 11:11:08,30,67,39,30|67|39,1ra,2da,3ra,16|96|60,16|96|60|93|24|70|71|06|98|50|78|99,,0,0,0,,,,,,0,0,0,NO JUGAR,0.620456,1.820336,0.000857,4.783321,5422,1387,1,e678c27ca459e8e80ae597cd744ac3fe
2026-04-09,12PM,2026-04-09|Anguilla|12PM,2026-04-09 11:11:03,2026-04-09 12:43:45,50,61,23,50|61|23,1ra,2da,3ra,42|52|28,42|52|28|76|32|79|21|30|74|93|00|90,,0,0,0,,,,,,0,0,0,NO JUGAR,0.625909,2.145174,0.000776,5.813072,5423,1420,1,41f89184b9d780a7ac25424b19e16ae3
2026-04-09,1PM,2026-04-09|Anguilla|1PM,2026-04-09 12:43:39,2026-04-09 13:46:35,53,43,33,53|43|33,1ra,2da,3ra,18|53|52,18|53|52|00|58|94|32|28|08|62|41|31,,1,1,0,53,53,,53:1ra,53:1ra,1,1,0,EDGE MODERADO,0.733964,2.178472,0.000524,7.45372,5424,1442,1,a9aa63c75508af5b0360a481b0702742
2026-04-09,2PM,2026-04-09|Anguilla|2PM,2026-04-09 13:47:43,2026-04-09 14:42:10,63,98,32,63|98|32,1ra,2da,3ra,34|38|75,34|38|75|87|78|90|22|52|70|73|93|01,,0,0,0,,,,,,0,0,0,EDGE REAL,0.876132,2.493794,0.000666,9.927899,5425,1395,0,0f2a2f3e00e32311a7fc24db65dfc7dc
2026-04-09,3PM,2026-04-09|Anguilla|3PM,2026-04-09 14:42:02,2026-04-09 15:09:17,99,92,40,99|92|40,1ra,2da,3ra,44|96|24,44|96|24|64|89|03|73|22|74|71|60|69,,0,0,0,,,,,,0,0,0,EDGE REAL,0.781454,2.55771,0.000935,14.162357,5426,1396,1,1c29ff6a2678390804829bc5c3c0b104
2026-04-09,4PM,2026-04-09|Anguilla|4PM,2026-04-09 15:53:57,2026-04-09 16:16:48,89,18,55,89|18|55,1ra,2da,3ra,98|21|56,98|21|56|76|88|57|37|19|60|23|34|42,,0,0,0,,,,,,0,0,0,EDGE MODERADO,0.692073,1.987912,0.00073,5.220406,5427,1383,0,901bcc096110601eff85a42fdfcd8e26
2026-04-09,5PM,2026-04-09|Anguilla|5PM,2026-04-09 16:52:58,2026-04-09 17:19:50,68,06,04,68|06|04,1ra,2da,3ra,82|19|53,82|19|53|03|17|65|35|87|39|33|86|38,,0,0,0,,,,,,0,0,0,EDGE REAL,0.758326,2.32352,0.000775,7.631872,5428,1446,0,d2cd09423c84fe088c701045efa8023f
2026-04-09,6PM,2026-04-09|Anguilla|6PM,2026-04-09 17:45:43,2026-04-09 18:19:45,45,88,48,45|88|48,1ra,2da,3ra,18|73|09,18|73|09|54|40|32|50|41|51|67|19|53,,0,0,0,,,,,,0,0,0,EDGE REAL,0.814116,2.513426,0.000703,10.615652,5429,1438,0,ced91a6487f9895c611c870a267ebb0d
2026-04-09,7PM,2026-04-09|Anguilla|7PM,2026-04-09 18:27:18,2026-04-09 19:11:21,39,95,89,39|95|89,1ra,2da,3ra,81|99|05,81|99|05|62|23|07|51|84|74|33|25|94,,0,0,0,,,,,,0,0,0,EDGE REAL,0.741091,2.341779,0.00067,9.811668,5430,1460,0,b4a51dedf04c227106c945bfd82b9311
2026-04-09,8AM,2026-04-09|Anguilla|8AM,2026-04-09 07:55:24,2026-04-09 09:43:08,39,62,04,39|62|04,1ra,2da,3ra,31|54|47,31|54|47|23|67|69|43|51|07|71|41|37,,0,0,0,,,,,,0,0,0,EDGE MODERADO,0.760866,2.15093,0.000849,5.402446,5419,1460,0,a13d7857806c912218ea236c6c76f761
2026-04-09,8PM,2026-04-09|Anguilla|8PM,2026-04-09 19:55:21,2026-04-09 20:05:43,18,14,64,18|14|64,1ra,2da,3ra,95|42|93,95|42|93|11|65|44|46|06|61|30|85|16,,0,0,0,,,,,,0,0,0,NO JUGAR,0.647631,2.486722,0.000688,10.347276,5431,1458,0,4b7ca9909d8ee30ad3678e41fca2d09f
2026-04-09,9PM,2026-04-09|Anguilla|9PM,2026-04-09 20:05:38,2026-04-09 22:02:23,87,51,45,87|51|45,1ra,2da,3ra,04|38|73,04|38|73|36|59|60|50|82|57|98|22|69,,0,0,0,,,,,,0,0,0,NO JUGAR,0.70691,2.043386,0.000364,5.075415,5432,1463,1,b8eddc2495d910b49e231cc8b1f8089c
2026-04-10,11AM,2026-04-10|Anguilla|11AM,2026-04-10 10:02:50,2026-04-10 11:03:27,84,25,11,84|25|11,1ra,2da,3ra,10|39|82,10|39|82|03|24|60|22|53|74|84|44|76,,0,1,0,,84,,,84:1ra,0,1,0,EDGE REAL,0.741969,2.473408,0.000843,10.22303,5437,1425,1,7ea99f4d441f060b57626c5e4ebca985
2026-04-10,12PM,2026-04-10|Anguilla|12PM,2026-04-10 11:03:22,2026-04-10 12:05:42,28,66,47,28|66|47,1ra,2da,3ra,71|19|14,71|19|14|99|87|61|91|64|58|54|83|48,,0,0,0,,,,,,0,0,0,EDGE REAL,0.781236,2.539395,0.000715,10.865618,5438,1417,1,fe1b09df94117e694f3a483bc097b962
2026-04-10,1PM,2026-04-10|Anguilla|1PM,2026-04-10 12:05:36,2026-04-10 13:04:36,77,37,90,77|37|90,1ra,2da,3ra,91|39|76,91|39|76|38|13|90|06|36|46|60|74|20,,0,1,0,,90,,,90:3ra,0,1,0,NO JUGAR,0.692182,1.953664,0.000399,5.457746,5439,1424,1,d9875b935e11362765559ad1d1a48823
2026-04-10,2PM,2026-04-10|Anguilla|2PM,2026-04-10 13:59:08,2026-04-10 15:07:44,56,38,53,56|38|53,1ra,2da,3ra,47|66|29,47|66|29|50|28|70|51|58|69|23|45|56,,0,1,0,,56,,,56:1ra,0,1,0,NO JUGAR,0.67116,2.067183,0.000424,5.942127,5440,1464,0,71f1ca8fce1bc91f341ca144bcd82050
2026-04-10,4PM,2026-04-10|Anguilla|4PM,2026-04-10 15:52:58,2026-04-10 16:38:24,39,29,34,39|29|34,1ra,2da,3ra,58|95|09,58|95|09|82|22|44|02|00|11|38|69|94,,0,0,0,,,,,,0,0,0,EDGE REAL,0.701343,2.17593,0.00057,8.132672,5442,1436,0,1c15d7630f723b99b77a94c70d1d07c6
2026-04-10,5PM,2026-04-10|Anguilla|5PM,2026-04-10 16:38:19,2026-04-10 17:19:33,65,47,54,65|47|54,1ra,2da,3ra,13|93|27,13|93|27|67|68|42|44|98|16|73|70|29,,0,0,0,,,,,,0,0,0,EDGE MODERADO,0.68258,2.192989,0.000511,6.877141,5443,1408,1,615612a739d5d6d858b55a7e3f0cd517
2026-04-10,6PM,2026-04-10|Anguilla|6PM,2026-04-10 17:58:25,2026-04-10 18:29:43,35,87,71,35|87|71,1ra,2da,3ra,39|74|11,39|74|11|30|53|25|96|37|51|72|88|87,,0,1,0,,87,,,87:2da,0,1,0,EDGE REAL,0.744196,2.818254,0.00102,16.163405,5444,1491,0,97beac971e5846d2dc4afe9827d8def1
2026-04-10,7PM,2026-04-10|Anguilla|7PM,2026-04-10 18:49:25,2026-04-10 19:22:49,65,60,02,65|60|02,1ra,2da,3ra,58|42|87,58|42|87|50|02|22|52|32|41|33|89|49,,0,1,0,,02,,,02:3ra,0,1,0,NO JUGAR,0.592267,2.163934,0.000563,8.012971,5445,1500,0,fdd62c0321c1cec939b93f37a514c7b8
2026-04-10,8AM,2026-04-10|Anguilla|8AM,2026-04-10 07:50:07,2026-04-10 08:38:07,86,73,25,86|73|25,1ra,2da,3ra,33|68|56,33|68|56|47|29|95|86|83|17|82|60|37,,0,1,0,,86,,,86:1ra,0,1,0,NO JUGAR,0.620762,1.99596,0.000383,5.277253,5434,1474,0,c00ffff7329a0d7523e937ef788f5866
2026-04-10,8PM,2026-04-10|Anguilla|8PM,2026-04-10 19:22:43,2026-04-10 22:34:40,72,15,52,72|15|52,1ra,2da,3ra,12|62|60,12|62|60|69|04|78|70|05|90|20|93|51,,0,0,0,,,,,,0,0,0,EDGE MODERADO,0.683785,2.783597,0.000999,15.761041,5446,1539,1,66ffe325b0df85b5871447b046109407
2026-04-10,9AM,2026-04-10|Anguilla|9AM,2026-04-10 08:38:02,2026-04-10 10:02:55,10,48,33,10|48|33,1ra,2da,3ra,39|42|06,39|42|06|73|94|18|19|29|81|71|83|15,,0,0,0,,,,,,0,0,0,EDGE MODERADO,0.680924,2.255612,0.000565,8.167446,5435,1457,1,a7a123c6d9b43692c705780197fd1b36
2026-04-10,9PM,2026-04-10|Anguilla|9PM,2026-04-10 20:00:09,2026-04-10 22:34:40,78,68,86,78|68|86,1ra,2da,3ra,12|62|60,12|62|60|69|04|78|70|05|90|20|93|51,,0,1,0,,78,,,78:1ra,0,1,0,EDGE MODERADO,0.683785,2.783597,0.000999,15.761041,5446,1539,1,8672a25de6a2c00bf536d30ad76452a5
2026-04-11,10AM,2026-04-11|Anguilla|10AM,2026-04-11 09:17:29,2026-04-11 10:03:31,22,61,49,22|61|49,1ra,2da,3ra,44|61|26,44|61|26|62|89|93|28|32|85|66|34|22,,1,2,0,61,61|22,,61:2da,61:2da|22:1ra,1,1,0,NO JUGAR,0.630198,2.145218,0.000455,6.478254,5451,1386,1,289f3fe57445772635da5af9b8377cd5
2026-04-11,11AM,2026-04-11|Anguilla|11AM,2026-04-11 10:52:45,2026-04-11 11:34:22,64,65,86,64|65|86,1ra,2da,3ra,43|47|69,43|47|69|72|56|34|17|22|01|71|83|36,,0,0,0,,,,,,0,0,0,EDGE REAL,0.729619,2.405294,0.000615,7.789454,5452,1351,0,f918eb51092e0c3d28a1f759d5c44fe3
2026-04-11,12PM,2026-04-11|Anguilla|12PM,2026-04-11 11:34:17,2026-04-11 12:53:25,14,94,46,14|94|46,1ra,2da,3ra,75|68|70,75|68|70|09|55|38|43|85|19|18|91|54,,0,0,0,,,,,,0,0,0,EDGE REAL,0.801393,2.999214,0.001216,19.791749,5453,1395,1,f6019a61704e1fcfd6019ab84285a379
2026-04-11,1PM,2026-04-11|Anguilla|1PM,2026-04-11 12:55:23,2026-04-11 13:19:41,43,96,47,43|96|47,1ra,2da,3ra,20|33|86,20|33|86|89|83|60|13|27|31|57|90|87,,0,0,0,,,,,,0,0,0,EDGE REAL,0.810047,2.712983,0.000879,13.741355,5454,1431,0,71aa0edaa2155f62af4ee8e00b879890
2026-04-11,2PM,2026-04-11|Anguilla|2PM,2026-04-11 13:32:13,2026-04-11 14:33:44,57,76,89,57|76|89,1ra,2da,3ra,90|39|76,90|39|76|82|72|97|96|24|83|84|36|32,,1,1,0,76,76,,76:2da,76:2da,1,1,0,EDGE MODERADO,0.741684,2.064593,0.00051,7.151397,5455,1457,0,d1aeec8c1d272debc7fd7468eac744c5
2026-04-11,3PM,2026-04-11|Anguilla|3PM,2026-04-11 14:33:38,2026-04-11 15:15:48,77,85,86,77|85|86,1ra,2da,3ra,02|27|07,02|27|07|39|28|50|46|63|35|80|67|82,,0,0,0,,,,,,0,0,0,EDGE REAL,0.700383,2.976866,0.001291,20.939661,5456,1491,1,90557acbe689503009ed4b037c290787
2026-04-11,4PM,2026-04-11|Anguilla|4PM,2026-04-11 15:47:43,2026-04-11 16:16:42,35,86,27,35|86|27,1ra,2da,3ra,00|62|29,00|62|29|95|94|85|21|14|36|47|32|60,,0,0,0,,,,,,0,0,0,EDGE REAL,0.702023,2.572115,0.000661,10.132243,5457,1490,0,a790926eeca7259d3c85a95845347def
2026-04-11,5PM,2026-04-11|Anguilla|5PM,2026-04-11 16:54:14,2026-04-11 17:34:14,60,89,69,60|89|69,1ra,2da,3ra,13|62|27,13|62|27|34|52|95|53|00|03|94|08|12,,0,0,0,,,,,,0,0,0,EDGE MODERADO,0.655297,2.154757,0.000459,6.560253,5458,1499,0,56c284ca171f280cce5e6626c2db4f0c
2026-04-11,6PM,2026-04-11|Anguilla|6PM,2026-04-11 17:34:09,2026-04-11 18:50:30,21,47,26,21|47|26,1ra,2da,3ra,32|48|16,32|48|16|27|39|44|93|89|76|69|91|82,,0,0,0,,,,,,0,0,0,EDGE REAL,0.717124,2.835051,0.001027,16.360175,5459,1461,1,d774132958a57409b08fa444f1e7a286
2026-04-11,7PM,2026-04-11|Anguilla|7PM,2026-04-11 18:50:25,2026-04-11 19:35:48,22,09,70,22|09|70,1ra,2da,3ra,39|96|44,39|96|44|00|56|09|40|16|22|88|81|12,,0,2,0,,09|22,,,09:2da|22:1ra,0,1,0,EDGE MODERADO,0.662549,2.751163,0.000977,15.366767,5460,1469,0,04337a0c199d00422cace8594cfcf98c
2026-04-11,8AM,2026-04-11|Anguilla|8AM,2026-04-11 07:58:16,2026-04-11 09:17:34,26,84,11,26|84|11,1ra,2da,3ra,48|83|05,48|83|05|95|24|20|59|04|30|67|74|33,,0,0,0,,,,,,0,0,0,NO JUGAR,0.622618,2.303663,0.000589,8.612484,5449,1461,0,caec74825907140f58a62b849cabb961
2026-04-11,8PM,2026-04-11|Anguilla|8PM,2026-04-11 19:35:42,2026-04-11 22:54:02,95,29,11,95|29|11,1ra,2da,3ra,42|58|20,42|58|20|76|37|12|22|01|90|34|36|38,,0,0,0,,,,,,0,0,0,EDGE REAL,0.861168,2.425347,0.000652,9.758988,5461,1491,1,86a76403a099c7a6ff9c321e28d1b327
2026-04-11,9PM,2026-04-11|Anguilla|9PM,2026-04-11 20:03:02,2026-04-11 22:54:02,95,64,04,95|64|04,1ra,2da,3ra,42|58|20,42|58|20|76|37|12|22|01|90|34|36|38,,0,0,0,,,,,,0,0,0,EDGE REAL,0.861168,2.425347,0.000652,9.758988,5461,1491,1,1a1c7756b44d19e3c036a3496a6e7a89
2026-04-12,10AM,2026-04-12|Anguilla|10AM,2026-04-12 09:23:59,2026-04-12 10:09:09,28,60,59,28|60|59,1ra,2da,3ra,91|71|85,91|71|85|38|83|75|98|51|95|68|74|82,,0,0,0,,,,,,0,0,0,EDGE MODERADO,0.715956,2.181513,0.000472,6.781807,5466,1426,1,4b674d73ea0bcdb552bbcef4588bf1b7
2026-04-12,11AM,2026-04-12|Anguilla|11AM,2026-04-12 10:57:21,2026-04-12 11:41:55,39,86,64,39|86|64,1ra,2da,3ra,76|89|86,76|89|86|90|78|25|66|52|38|32|11|23,,1,1,0,86,86,,86:2da,86:2da,1,1,0,EDGE REAL,0.86096,2.343,0.000673,9.956572,5467,1433,0,781780e3b0df253901695f85ead348e6
2026-04-12,12PM,2026-04-12|Anguilla|12PM,2026-04-12 11:41:49,2026-04-12 12:20:39,47,27,37,47|27|37,1ra,2da,3ra,58|54|29,58|54|29|44|92|35|11|50|13|51|94|09,,0,0,0,,,,,,0,0,0,NO JUGAR,0.718611,1.927728,0.000347,4.746029,5468,1448,1,133509a14a89dd7fc26d2bafa23295dc
2026-04-12,1PM,2026-04-12|Anguilla|1PM,2026-04-12 12:20:33,2026-04-12 13:04:50,66,56,64,66|56|64,1ra,2da,3ra,95|48|20,95|48|20|53|56|92|05|76|69|81|42|44,,0,1,0,,56,,,56:2da,0,1,0,NO JUGAR,0.62739,2.17715,0.000469,6.740483,5469,1483,1,8cb973abf6e5d6628919bbf12c900411
2026-04-12,2PM,2026-04-12|Anguilla|2PM,2026-04-12 13:51:03,2026-04-12 14:51:58,25,72,88,25|72|88,1ra,2da,3ra,73|21|76,73|21|76|05|47|74|87|97|56|31|38|82,,0,0,0,,,,,,0,0,0,NO JUGAR,0.644244,1.927957,0.000411,4.752153,5470,1500,0,6b86d2edf237891bfb8b673e08b09be0
2026-04-12,3PM,2026-04-12|Anguilla|3PM,2026-04-12 14:51:53,2026-04-12 15:39:53,16,54,68,16|54|68,1ra,2da,3ra,29|39|89,29|39|89|03|81|54|71|53|99|60|17|95,,0,1,0,,54,,,54:2da,0,1,0,EDGE REAL,0.818138,2.443105,0.00066,9.934641,5471,1485,1,eecb18af55350372aa5bd6997ef78012
2026-04-12,4PM,2026-04-12|Anguilla|4PM,2026-04-12 15:39:47,2026-04-12 17:35:30,00,29,80,00|29|80,1ra,2da,3ra,82|38|41,82|38|41|32|90|59|74|43|62|76|97|89,,0,0,0,,,,,,0,0,0,NO JUGAR,0.625255,2.399522,0.000637,9.512143,5472,1486,1,868171d5b865f9985f85f8f7ea59b006
2026-04-12,5PM,2026-04-12|Anguilla|5PM,2026-04-12 16:51:17,2026-04-12 17:35:30,80,25,80,80|25|80,1ra,2da,3ra,82|38|41,82|38|41|32|90|59|74|43|62|76|97|89,,0,0,0,,,,,,0,0,0,NO JUGAR,0.625255,2.399522,0.000637,9.512143,5472,1486,0,f8f9d87c765cd37c5375145dd67f431d
2026-04-12,6PM,2026-04-12|Anguilla|6PM,2026-04-12 17:35:24,2026-04-12 18:53:33,50,71,63,50|71|63,1ra,2da,3ra,75|71|45,75|71|45|11|87|85|40|35|07|55|69|86,,1,1,0,71,71,,71:2da,71:2da,1,1,0,NO JUGAR,0.669932,1.934139,0.00035,4.80009,5474,1485,1,b7dd33693169cfce488a2859076a5b3f
2026-04-12,7PM,2026-04-12|Anguilla|7PM,2026-04-12 18:53:28,2026-04-12 19:36:02,70,07,31,70|07|31,1ra,2da,3ra,82|55|94,82|55|94|41|44|73|00|53|38|25|90|05,,0,0,0,,,,,,0,0,0,EDGE REAL,0.890613,2.234238,0.000903,7.219974,5475,1483,0,83f0f5e9f995875d0041b0f2c07365a6
2026-04-12,8AM,2026-04-12|Anguilla|8AM,2026-04-12 07:34:37,2026-04-12 09:24:05,69,85,61,69|85|61,1ra,2da,3ra,05|99|83,05|99|83|15|08|36|90|44|52|30|56|57,,0,0,0,,,,,,0,0,0,EDGE REAL,0.758329,2.395616,0.000705,10.527019,5464,1414,0,0bda94df27be01ace2d0996bbd02bc53
2026-04-12,8PM,2026-04-12|Anguilla|8PM,2026-04-12 19:35:56,2026-04-12 22:58:27,20,69,11,20|69|11,1ra,2da,3ra,13|55|62,13|55|62|23|75|01|19|10|94|32|03|74,,0,0,0,,,,,,0,0,0,NO JUGAR,0.733814,1.907275,0.000335,4.578375,5476,1473,1,5d369f9a990bd1ff5bb620dfd16b4431
2026-04-12,9AM,2026-04-12|Anguilla|9AM,2026-04-12 08:01:41,2026-04-12 09:24:05,38,38,25,38|38|25,1ra,2da,3ra,05|99|83,05|99|83|15|08|36|90|44|52|30|56|57,,0,0,0,,,,,,0,0,0,EDGE REAL,0.758329,2.395616,0.000705,10.527019,5464,1414,1,d57a3e4804b977dd9a07881d1052e2e2
2026-04-12,9PM,2026-04-12|Anguilla|9PM,2026-04-12 20:05:16,2026-04-12 22:58:27,29,26,22,29|26|22,1ra,2da,3ra,13|62|23,13|62|23|51|56|55|67|03|24|57|19|60,,0,0,0,,,,,,0,0,0,NO JUGAR,0.714089,1.907275,0.000335,4.578375,5476,1487,1,837cdacc9ea3d2f0ad1eb4685d8aec77
2026-04-13,11AM,2026-04-13|Anguilla|11AM,2026-04-13 10:05:28,2026-04-13 11:43:05,70,74,23,70|74|23,1ra,2da,3ra,81|54|36,81|54|36|43|66|22|97|94|75|27|04|28,,0,0,0,,,,,,0,0,0,EDGE MODERADO,0.652676,2.385269,0.000834,9.3821,5482,1462,1,243c89323db24449de5063ba5e1eac8a
2026-04-13,12PM,2026-04-13|Anguilla|12PM,2026-04-13 11:43:00,2026-04-13 12:48:26,50,79,63,50|79|63,1ra,2da,3ra,47|27|74,47|27|74|67|31|08|16|87|98|66|36|24,,0,0,0,,,,,,0,0,0,EDGE REAL,0.782158,2.354618,0.000737,10.947535,5483,1479,1,deca2ff377fa70e41bebb8ab025bca09
2026-04-13,1PM,2026-04-13|Anguilla|1PM,2026-04-13 12:48:21,2026-04-13 13:46:40,40,02,47,40|02|47,1ra,2da,3ra,44|94|08,44|94|08|92|55|24|05|02|87|82|80|61,,0,1,0,,02,,,02:2da,0,1,0,EDGE REAL,0.761386,2.556643,0.000924,14.144432,5484,1501,1,49c1db0e5b590b4eaa246fecee3b0e14
2026-04-13,2PM,2026-04-13|Anguilla|2PM,2026-04-13 13:46:35,2026-04-13 14:54:30,29,34,19,29|34|19,1ra,2da,3ra,52|20|01,52|20|01|97|96|43|74|90|19|58|44|78,,0,1,0,,19,,,19:3ra,0,1,0,NO JUGAR,0.797594,1.808083,0.000305,4.066987,5485,1513,1,62130715f5bf3018bad9737f1719e397
2026-04-13,3PM,2026-04-13|Anguilla|3PM,2026-04-13 14:54:24,2026-04-13 16:05:57,78,95,63,78|95|63,1ra,2da,3ra,72|88|86,72|88|86|87|68|65|73|58|52|39|04|47,,0,0,0,,,,,,0,0,0,EDGE REAL,0.718128,2.374892,0.000564,8.416064,5486,1455,1,bb05338a4fcaebcf561fb13269f9baee
2026-04-13,5PM,2026-04-13|Anguilla|5PM,2026-04-13 16:05:52,2026-04-13 17:07:16,21,50,05,21|50|05,1ra,2da,3ra,19|87|85,19|87|85|75|37|42|47|52|74|95|39|86,,0,0,0,,,,,,0,0,0,EDGE REAL,0.769477,2.371036,0.000595,8.794975,5488,1435,1,37c62c0f3a69a5058d51ba46b55e1b9e
2026-04-13,6PM,2026-04-13|Anguilla|6PM,2026-04-13 17:07:10,2026-04-13 19:00:24,67,94,50,67|94|50,1ra,2da,3ra,10|53|32,10|53|32|21|73|55|90|00|22|33|71|43,,0,0,0,,,,,,0,0,0,NO JUGAR,0.642481,1.896246,0.000295,4.040072,5489,1480,1,53311845d1e08a13a89b2a3a2d574c66
2026-04-13,7PM,2026-04-13|Anguilla|7PM,2026-04-13 18:00:48,2026-04-13 19:08:40,70,57,76,70|57|76,1ra,2da,3ra,10|53|32,10|53|32|21|73|55|90|00|22|33|71|43,,0,0,0,,,,,,0,0,0,NO JUGAR,0.642481,1.896246,0.000295,4.040072,5489,1480,1,a7bc27baa0523392e8e67c857e29b1cd
2026-04-13,8AM,2026-04-13|Anguilla|8AM,2026-04-13 01:48:23,2026-04-13 10:05:34,54,70,42,54|70|42,1ra,2da,3ra,76|89|79,76|89|79|81|87|53|36|75|10|20|91|58,,0,0,0,,,,,,0,0,0,EDGE REAL,0.747884,2.333558,0.000891,9.857844,5479,1417,0,4ed21926c66c2ca84bf46b4fe220419f
2026-04-13,8PM,2026-04-13|Anguilla|8PM,2026-04-13 19:54:21,2026-04-13 22:51:33,44,10,98,44|10|98,1ra,2da,3ra,07|02|70,07|02|70|45|00|41|80|85|82|31|08|76,,0,0,0,,,,,,0,0,0,EDGE REAL,0.727594,2.694969,0.001013,15.881231,5491,1547,0,8143f5f0674f5ebf904faa56d81bb015
2026-04-13,9AM,2026-04-13|Anguilla|9AM,2026-04-13 08:03:46,2026-04-13 10:05:34,54,22,26,54|22|26,1ra,2da,3ra,76|89|79,76|89|79|81|87|53|36|75|10|20|91|58,,0,0,0,,,,,,0,0,0,EDGE REAL,0.747884,2.333558,0.000891,9.857844,5479,1417,1,a676518edcfbe7f93a74f9561330e1bf
2026-04-14,11AM,2026-04-14|Anguilla|11AM,2026-04-14 10:01:39,2026-04-14 11:10:29,46,10,67,46|10|67,1ra,2da,3ra,46|49|77,46|49|77|12|53|56|37|40|13|44|02|98,,1,1,0,46,46,,46:1ra,46:1ra,1,1,0,NO JUGAR,0.659179,1.945152,0.000401,4.879433,5497,1514,1,fb1fdea5af53e92bd77b03db414c5cec
2026-04-14,12PM,2026-04-14|Anguilla|12PM,2026-04-14 11:18:46,2026-04-14 12:38:09,46,05,45,46|05|45,1ra,2da,3ra,52|84|03,52|84|03|77|97|12|40|51|96|46|15|67,,0,1,0,,46,,,46:1ra,0,1,0,EDGE REAL,0.83114,2.127202,0.000582,8.302264,5498,1489,0,fce9ea222915a9af9adf4a01d2917deb
2026-04-14,1PM,2026-04-14|Anguilla|1PM,2026-04-14 12:41:37,2026-04-14 13:48:01,98,76,58,98|76|58,1ra,2da,3ra,84|19|53,84|19|53|62|72|91|33|92|49|55|06|83,,0,0,0,,,,,,0,0,0,NO JUGAR,0.661016,2.020866,0.000377,5.253802,5499,1461,0,3ab823f76545470fc4a9d16905034101
2026-04-14,2PM,2026-04-14|Anguilla|2PM,2026-04-14 13:47:56,2026-04-14 14:52:42,87,48,12,87|48|12,1ra,2da,3ra,56|72|20,56|72|20|13|02|76|27|35|58|71|88|97,,0,0,0,,,,,,0,0,0,EDGE MODERADO,0.660477,2.446308,0.000847,12.777626,5500,1462,1,96d5dbdde9e2eb8244c3ca1e1eb21436
2026-04-14,3PM,2026-04-14|Anguilla|3PM,2026-04-14 14:52:37,2026-04-14 15:10:00,65,52,38,65|52|38,1ra,2da,3ra,23|53|85,23|53|85|46|48|32|50|73|76|62|59|83,,0,0,0,,,,,,0,0,0,EDGE MODERADO,0.828036,1.992935,0.000484,6.342902,5501,1510,1,dc7aee0bd1cbec3f026635736039150c
2026-04-14,4PM,2026-04-14|Anguilla|4PM,2026-04-14 15:09:54,2026-04-14 17:14:24,49,69,04,49|69|04,1ra,2da,3ra,10|64|96,10|64|96|30|71|58|23|18|12|43|02|80,,0,0,0,,,,,,0,0,0,EDGE MODERADO,0.666279,1.967389,0.000844,5.054668,5502,1568,1,3df3ccce1828c1844fe956248bcd9e96
2026-04-14,5PM,2026-04-14|Anguilla|5PM,2026-04-14 16:05:27,2026-04-14 17:14:24,92,87,16,92|87|16,1ra,2da,3ra,10|64|96,10|64|96|30|71|58|23|18|12|43|02|80,,0,0,0,,,,,,0,0,0,EDGE MODERADO,0.666279,1.967389,0.000844,5.054668,5502,1568,1,73eb3ea2daa0bf44086530cfcc97d0b1
2026-04-14,6PM,2026-04-14|Anguilla|6PM,2026-04-14 17:14:19,2026-04-14 19:11:34,65,28,47,65|28|47,1ra,2da,3ra,74|09|40,74|09|40|62|99|42|54|88|05|77|90|33,,0,0,0,,,,,,0,0,0,EDGE REAL,0.725,2.350493,0.000607,9.047769,5504,1464,1,a15e0dfd4ff02667834ca3488f3e6b9d
2026-04-14,8AM,2026-04-14|Anguilla|8AM,2026-04-14 07:57:09,2026-04-14 10:01:45,16,23,38,16|23|38,1ra,2da,3ra,53|20|26,53|20|26|92|07|01|41|56|03|91|12|55,,0,0,0,,,,,,0,0,0,EDGE MODERADO,0.764534,2.401224,0.000516,7.75057,5494,1448,0,a76751e77e589b450cdbad8c59616e03
2026-04-14,8PM,2026-04-14|Anguilla|8PM,2026-04-14 19:19:38,2026-04-14 20:12:09,73,34,70,73|34|70,1ra,2da,3ra,32|02|19,32|02|19|53|00|68|99|67|42|06|87|29,,0,0,0,,,,,,0,0,0,EDGE MODERADO,0.729241,2.065697,0.000738,5.233611,5506,1531,1,4ff9de4b82e8a2a14e81c289e760ce1f
2026-04-14,9PM,2026-04-14|Anguilla|9PM,2026-04-14 20:12:02,2026-04-15 08:31:00,36,96,93,36|96|93,1ra,2da,3ra,96|07|05,96|07|05|99|13|92|25|08|93|68|53|54,,1,2,0,96,96|93,,96:2da,96:2da|93:3ra,1,1,0,NO JUGAR,0.685705,2.01199,0.000426,5.96532,5507,1555,1,f079b07f15a34ca83aef7fd811b9df48
2026-04-15,10AM,2026-04-15|Anguilla|10AM,2026-04-15 09:17:22,2026-04-15 10:17:46,59,34,68,59|34|68,1ra,2da,3ra,00|83|06,00|83|06|58|38|13|84|44|20|41|54|76,,0,0,0,,,,,,0,0,0,EDGE REAL,0.718582,2.443804,0.000656,9.93065,5511,1450,1,d0396f1029cc2539e09a7a8fe99a7a79
2026-04-15,11AM,2026-04-15|Anguilla|11AM,2026-04-15 10:17:40,2026-04-15 12:15:43,06,00,15,06|00|15,1ra,2da,3ra,51|74|01,51|74|01|19|25|12|32|80|72|39|47|56,,0,0,0,,,,,,0,0,0,NO JUGAR,0.790031,1.989174,0.000374,5.224536,5512,1433,1,385367a64e9c49f1d9506576534a7e88
2026-04-15,1PM,2026-04-15|Anguilla|1PM,2026-04-15 12:15:38,2026-04-15 14:29:59,38,41,98,38|41|98,1ra,2da,3ra,74|45|32,74|45|32|21|85|54|08|06|49|65|51|96,,0,0,0,,,,,,0,0,0,EDGE REAL,0.75702,2.354763,0.000608,9.083623,5514,1455,1,8a16025f241de15e7815c89afd59bf52
2026-04-15,3PM,2026-04-15|Anguilla|3PM,2026-04-15 14:29:54,2026-04-15 15:56:15,58,85,15,58|85|15,1ra,2da,3ra,76|34|23,76|34|23|19|59|56|90|69|44|15|53|54,,0,1,0,,15,,,15:3ra,0,1,0,EDGE MODERADO,0.708608,2.157446,0.00051,7.370133,5516,1451,1,e338bd5f736c14ce76bea6f7886e5008
2026-04-15,4PM,2026-04-15|Anguilla|4PM,2026-04-15 15:56:09,2026-04-15 19:34:14,12,35,60,12|35|60,1ra,2da,3ra,53|38|23,53|38|23|03|02|47|85|06|55|28|17|07,,0,0,0,,,,,,0,0,0,EDGE MODERADO,0.667321,2.380754,0.000704,7.591563,5517,1475,1,021741ca268d666134486481ae65eaa4
2026-04-15,8PM,2026-04-15|Anguilla|8PM,2026-04-15 19:34:09,2026-04-16 08:00:58,94,51,69,94|51|69,1ra,2da,3ra,53|91|13,53|91|13|39|58|19|07|69|87|54|88|20,,0,1,0,,69,,,69:3ra,0,1,0,EDGE REAL,0.749729,2.550351,0.000643,9.938895,5521,1531,1,e44661cd1e986d27803a0bf15739e9fe
2026-04-15,9AM,2026-04-15|Anguilla|9AM,2026-04-15 08:30:54,2026-04-15 09:17:28,97,69,16,97|69|16,1ra,2da,3ra,95|12|34,95|12|34|24|86|41|47|29|52|89|14|98,,0,0,0,,,,,,0,0,0,EDGE MODERADO,0.7791,1.968982,0.000469,5.066777,5510,1448,1,ff9bb4c01185bc9f279f7cf606aec5f0
2026-04-16,10AM,2026-04-16|Anguilla|10AM,2026-04-16 09:06:03,2026-04-16 10:23:07,50,26,83,50|26|83,1ra,2da,3ra,24|61|42,24|61|42|22|58|16|29|17|11|81|52|91,,0,0,0,,,,,,0,0,0,NO JUGAR,0.579988,1.959644,0.000358,4.990534,5526,1507,1,512292eef93defa24c9f7688199d9bc5
2026-04-16,11AM,2026-04-16|Anguilla|11AM,2026-04-16 10:23:01,2026-04-16 11:40:16,57,76,17,57|76|17,1ra,2da,3ra,24|09|49,24|09|49|69|17|94|80|21|43|35|56|44,,0,1,0,,17,,,17:3ra,0,1,0,EDGE MODERADO,0.692619,2.387886,0.000566,8.523607,5527,1483,1,49b93e04a5cf9fec62fec824fed950c3
2026-04-16,12PM,2026-04-16|Anguilla|12PM,2026-04-16 11:40:11,2026-04-16 12:18:43,52,38,07,52|38|07,1ra,2da,3ra,70|36|07,70|36|07|77|27|02|91|80|39|50|01|85,,1,1,0,07,07,,07:3ra,07:3ra,1,1,0,NO JUGAR,0.805446,2.046443,0.000442,6.264886,5528,1523,1,d2dbe5ec51b37a76d460f3e649ec4aaf
2026-04-16,1PM,2026-04-16|Anguilla|1PM,2026-04-16 12:18:37,2026-04-16 13:39:03,60,82,50,60|82|50,1ra,2da,3ra,49|62|79,49|62|79|28|56|38|73|23|61|01|46|22,,0,0,0,,,,,,0,0,0,NO JUGAR,0.680394,2.12752,0.00044,6.335523,5529,1564,1,1ffbe63052a6d709a3b7752e1e68441b
2026-04-16,2PM,2026-04-16|Anguilla|2PM,2026-04-16 13:38:57,2026-04-16 15:14:46,13,30,77,13|30|77,1ra,2da,3ra,13|99|08,13|99|08|80|06|27|18|91|23|25|57|94,,1,1,0,13,13,,13:1ra,13:1ra,1,1,0,NO JUGAR,0.66872,1.847953,0.000308,4.150542,5530,1559,1,b57f3ce05f0beb5c0ab4f5c1ea6158b7
2026-04-16,4PM,2026-04-16|Anguilla|4PM,2026-04-16 15:14:41,2026-04-16 17:34:35,75,23,31,75|23|31,1ra,2da,3ra,86|42|52,86|42|52|15|18|72|73|60|02|05|70|58,,0,0,0,,,,,,0,0,0,EDGE REAL,0.721367,2.49279,0.000614,9.429512,5532,1498,1,79814f5176981f6b7d4bbdbd483056d5
2026-04-16,6PM,2026-04-16|Anguilla|6PM,2026-04-16 17:34:29,2026-04-17 09:11:23,90,75,43,90|75|43,1ra,2da,3ra,87|28|82,87|28|82|75|09|25|12|68|00|71|77|07,,0,1,0,,75,,,75:2da,0,1,0,NO JUGAR,0.674336,2.077171,0.000415,5.922279,5534,1503,1,60633086ac508ea91cf6143e57bc3fd0
2026-04-16,9AM,2026-04-16|Anguilla|9AM,2026-04-16 08:00:54,2026-04-16 09:06:09,91,00,19,91|00|19,1ra,2da,3ra,93|50|54,93|50|54|90|04|49|55|68|06|76|11|53,,0,0,0,,,,,,0,0,0,NO JUGAR,0.661488,1.915838,0.000302,4.178787,5524,1495,1,629b3138f6bb4b1c0962dffc027e6c38
2026-04-17,10AM,2026-04-17|Anguilla|10AM,2026-04-17 09:11:18,2026-04-17 10:29:52,74,42,77,74|42|77,1ra,2da,3ra,23|11|09,23|11|09|72|98|74|87|67|31|15|47|04,,0,1,0,,74,,,74:1ra,0,1,0,NO JUGAR,0.660683,1.75983,0.000261,3.496896,5541,1511,1,7bf9efb1b26b91d6d0b1d65482e3f446
2026-04-17,11AM,2026-04-17|Anguilla|11AM,2026-04-17 10:29:46,2026-04-17 12:15:59,64,28,91,64|28|91,1ra,2da,3ra,60|64|33,60|64|33|25|32|95|58|04|89|54|13|31,,1,1,0,64,64,,64:1ra,64:1ra,1,1,0,NO JUGAR,0.775409,1.945927,0.000438,5.388376,5542,1493,1,4de7a2175ef1957df27f9b6bdaf07493
2026-04-17,1PM,2026-04-17|Anguilla|1PM,2026-04-17 12:15:53,2026-04-17 15:17:22,43,00,01,43|00|01,1ra,2da,3ra,19|83|44,19|83|44|63|17|16|41|74|10|02|96|78,,0,0,0,,,,,,0,0,0,EDGE REAL,0.810461,2.599054,0.000801,12.507768,5544,1485,1,985452f407ac98a4c802b1355c971aeb
2026-04-17,4PM,2026-04-17|Anguilla|4PM,2026-04-17 15:17:17,2026-04-17 16:27:14,11,50,92,11|50|92,1ra,2da,3ra,00|69|56,00|69|56|38|42|22|36|39|96|09|01|26,,0,0,0,,,,,,0,0,0,EDGE REAL,0.812427,2.496624,0.000615,9.463884,5547,1401,1,6d9337f0b22f1261ad8b1d339ba8515e
2026-04-17,5PM,2026-04-17|Anguilla|5PM,2026-04-17 16:27:09,2026-04-17 17:26:04,55,41,70,55|41|70,1ra,2da,3ra,42|54|92,42|54|92|82|05|88|06|75|02|17|83|40,,0,0,0,,,,,,0,0,0,EDGE MODERADO,0.705189,2.310704,0.000472,7.057298,5548,1429,1,c1ec93d06e397cb744f2f2690c9dd02f
2026-04-17,6PM,2026-04-17|Anguilla|6PM,2026-04-17 17:25:58,2026-04-17 18:17:11,47,07,00,47|07|00,1ra,2da,3ra,82|59|91,82|59|91|42|70|74|89|61|26|34|22|04,,0,0,0,,,,,,0,0,0,NO JUGAR,0.642696,2.31112,0.000472,7.057298,5549,1480,1,387febb0b1771bf8bd5b5c29c4cb80ef
2026-04-17,7PM,2026-04-17|Anguilla|7PM,2026-04-17 18:17:05,2026-04-17 20:06:38,08,98,48,08|98|48,1ra,2da,3ra,73|80|52,73|80|52|99|79|87|66|46|92|08|19|54,,0,1,0,,08,,,08:1ra,0,1,0,EDGE REAL,0.731395,2.305775,0.000634,9.430675,5550,1499,1,d925bc08a1cfae8629a2dc70787b6cdd
2026-04-17,9PM,2026-04-17|Anguilla|9PM,2026-04-17 20:06:32,2026-04-18 14:01:53,04,58,94,04|58|94,1ra,2da,3ra,06|29|95,06|29|95|96|97|52|07|45|50|33|74|27,,0,0,0,,,,,,0,0,0,EDGE MODERADO,0.741604,2.120174,0.00048,6.917841,5551,1526,1,cd27574f53e8665dfeb826f1ee5446b1
2026-04-18,3PM,2026-04-18|Anguilla|3PM,2026-04-18 14:01:47,2026-04-18 18:46:55,04,44,71,04|44|71,1ra,2da,3ra,34|99|73,34|99|73|61|71|75|38|85|96|48|23|57,,0,1,0,,71,,,71:3ra,0,1,0,NO JUGAR,0.606747,2.02349,0.000428,6.064455,5560,1583,1,9197f22b9d8c731309fa7fe236e70f99
2026-04-18,7PM,2026-04-18|Anguilla|7PM,2026-04-18 18:46:50,2026-04-18 19:20:00,23,39,33,23|39|33,1ra,2da,3ra,28|54|32,28|54|32|92|59|31|61|53|50|15|64|19,,0,0,0,,,,,,0,0,0,NO JUGAR,0.663256,2.148234,0.000447,6.499063,5565,1476,1,87097671b65c1f1d6771a16cdba700c8
2026-04-18,8PM,2026-04-18|Anguilla|8PM,2026-04-18 19:19:54,2026-04-19 10:51:03,37,88,02,37|88|02,1ra,2da,3ra,74|93|53,74|93|53|90|34|81|60|95|28|87|21|17,,0,0,0,,,,,,0,0,0,EDGE REAL,0.792935,2.333041,0.000631,9.424461,5566,1546,1,20b1653e3583c07b97454d22c2c42c6a
2026-04-19,11AM,2026-04-19|Anguilla|11AM,2026-04-19 10:50:58,2026-04-19 11:08:45,06,82,83,06|82|83,1ra,2da,3ra,40|48|87,40|48|87|02|16|55|93|25|33|21|18|54,,0,0,0,,,,,,0,0,0,EDGE MODERADO,0.676617,2.417004,0.000563,8.23011,5572,1445,1,1e7136d16da66ecb5b557564f3e03b53
2026-04-19,12PM,2026-04-19|Anguilla|12PM,2026-04-19 11:08:39,2026-04-19 12:36:19,36,08,10,36|08|10,1ra,2da,3ra,67|73|80,67|73|80|44|57|82|54|22|48|77|63|83,,0,0,0,,,,,,0,0,0,NO JUGAR,0.635557,2.491992,0.000673,10.391221,5573,1400,1,cd9a04d43167e4c453e33c1f8f0fa0bc
2026-04-19,1PM,2026-04-19|Anguilla|1PM,2026-04-19 12:36:13,2026-04-19 13:14:43,11,40,57,11|40|57,1ra,2da,3ra,14|27|05,14|27|05|51|70|74|65|06|96|81|66|94,,0,0,0,,,,,,0,0,0,EDGE REAL,0.717168,2.380387,0.000849,9.331214,5574,1411,1,6f00bf699a1b4c8d8730b89545c3ae54
2026-04-19,2PM,2026-04-19|Anguilla|2PM,2026-04-19 13:14:38,2026-04-19 14:18:02,57,81,91,57|81|91,1ra,2da,3ra,16|95|33,16|95|33|11|86|61|06|91|56|09|28|78,,0,1,0,,91,,,91:3ra,0,1,0,NO JUGAR,0.620749,2.441671,0.000647,9.91122,5575,1468,1,ba0200466cda2dde6e68a5b0f46014a4
2026-04-19,3PM,2026-04-19|Anguilla|3PM,2026-04-19 14:17:57,2026-04-19 16:51:08,73,66,22,73|66|22,1ra,2da,3ra,88|91|42,88|91|42|61|39|02|84|14|32|47|08|48,,0,0,0,,,,,,0,0,0,EDGE REAL,0.989622,2.473276,0.000734,11.324121,5576,1526,1,c27ee44b8f21666d9f9de08ec4d9b561
2026-04-19,5PM,2026-04-19|Anguilla|5PM,2026-04-19 16:51:03,2026-04-20 09:04:36,21,79,70,21|79|70,1ra,2da,3ra,51|32|21,51|32|21|71|66|27|16|19|13|07|99|34,,1,1,0,21,21,,21:1ra,21:1ra,1,1,0,EDGE REAL,0.777536,2.511973,0.000748,11.585765,5577,1539,1,d10b388ba807d55bd66cc4bc0c3ef9bc
2026-04-20,10AM,2026-04-20|Anguilla|10AM,2026-04-20 09:04:30,2026-04-20 10:20:35,09,85,76,09|85|76,1ra,2da,3ra,05|62|33,05|62|33|29|52|72|84|95|73|28|48|20,,0,0,0,,,,,,0,0,0,NO JUGAR,0.784683,1.89249,0.000294,4.091109,5586,1559,1,6f3f159ae65d121c941d906f24fde526
2026-04-20,11AM,2026-04-20|Anguilla|11AM,2026-04-20 10:20:29,2026-04-20 11:13:39,03,04,79,03|04|79,1ra,2da,3ra,83|28|00,83|28|00|02|26|72|58|84|47|64|80|67,,0,0,0,,,,,,0,0,0,EDGE REAL,0.747177,2.114249,0.000945,6.982452,5587,1578,1,6a3d66c2090dcfa4a5479e5bcb1f9e05
2026-04-20,12PM,2026-04-20|Anguilla|12PM,2026-04-20 11:13:33,2026-04-20 12:15:32,92,73,04,92|73|04,1ra,2da,3ra,46|61|36,46|61|36|57|54|60|96|77|49|56|41|78,,0,0,0,,,,,,0,0,0,NO JUGAR,0.630583,1.916324,0.000475,4.657364,5588,1547,1,4f1e6d238e1a28a33b7464856e42cd8c
2026-04-20,1PM,2026-04-20|Anguilla|1PM,2026-04-20 12:15:26,2026-04-20 13:59:45,19,23,59,19|23|59,1ra,2da,3ra,99|14|92,99|14|92|52|40|93|88|18|81|54|60|32,,0,0,0,,,,,,0,0,0,EDGE REAL,0.802282,2.724195,0.000938,15.046086,5589,1474,1,11e4d490cc1d8cfd92f2d58ffba5be2f
2026-04-20,2PM,2026-04-20|Anguilla|2PM,2026-04-20 13:59:39,2026-04-20 14:51:49,41,78,09,41|78|09,1ra,2da,3ra,30|62|86,30|62|86|84|68|95|74|77|53|93|94|47,,0,0,0,,,,,,0,0,0,NO JUGAR,0.616088,1.755171,0.000358,3.080715,5590,1442,1,467e2cd027a1ddd8b27053cde655b50e
2026-04-20,3PM,2026-04-20|Anguilla|3PM,2026-04-20 14:51:44,2026-04-20 16:51:16,82,19,93,82|19|93,1ra,2da,3ra,76|78|44,76|78|44|34|19|53|14|31|54|92|09|79,,0,1,0,,19,,,19:2da,0,1,0,NO JUGAR,0.657512,2.022527,0.00043,6.147903,5591,1483,1,9890962a9c0f5177fdf8a36821bc16fe
2026-04-20,5PM,2026-04-20|Anguilla|5PM,2026-04-20 16:51:10,2026-04-20 19:22:53,80,91,93,80|91|93,1ra,2da,3ra,82|62|94,82|62|94|52|77|86|93|98|31|06|57|71,,0,1,0,,93,,,93:3ra,0,1,0,EDGE MODERADO,0.655069,2.28265,0.000456,6.839181,5593,1468,1,65b6189da331dc5ccc84dbb2bf78ab8e
2026-04-20,8PM,2026-04-20|Anguilla|8PM,2026-04-20 19:22:47,2026-04-21 09:38:53,11,29,37,11|29|37,1ra,2da,3ra,89|53|38,89|53|38|51|75|66|82|91|22|71|02|74,,0,0,0,,,,,,0,0,0,EDGE MODERADO,0.781122,2.205929,0.000472,6.975315,5596,1514,1,07236b1333560650f6bacc004fc9c0fa
2026-04-21,10AM,2026-04-21|Anguilla|10AM,2026-04-21 09:38:47,2026-04-21 11:45:49,57,04,54,57|04|54,1ra,2da,3ra,56|75|98,56|75|98|74|38|69|80|68|67|48|13|58,,0,0,0,,,,,,0,0,0,EDGE MODERADO,0.689227,2.121591,0.000476,6.928174,5601,1472,1,f0b5fd4b1f33a06614ad358878e794cc
2026-04-21,12PM,2026-04-21|Anguilla|12PM,2026-04-21 11:45:43,2026-04-21 12:40:48,33,58,61,33|58|61,1ra,2da,3ra,62|89|94,62|89|94|32|36|99|60|38|45|23|41|07,,0,0,0,,,,,,0,0,0,NO JUGAR,0.627732,2.536442,0.000561,8.803679,5603,1494,1,652bb8f514d63fe071021d5b91858a64
2026-04-21,1PM,2026-04-21|Anguilla|1PM,2026-04-21 12:40:43,2026-04-21 13:12:24,97,63,04,97|63|04,1ra,2da,3ra,34|37|55,34|37|55|74|56|53|57|51|38|58|16|60,,0,0,0,,,,,,0,0,0,EDGE REAL,0.72388,2.338188,0.00059,8.931381,5604,1520,1,6dc8722c237022b864b83dd9309c6296
2026-04-21,2PM,2026-04-21|Anguilla|2PM,2026-04-21 13:12:18,2026-04-21 15:21:04,13,99,74,13|99|74,1ra,2da,3ra,75|60|87,75|60|87|85|32|03|53|63|50|44|74|43,,0,1,0,,74,,,74:3ra,0,1,0,EDGE ELITE,0.923459,2.973475,0.001166,19.442098,5605,1476,1,be840ff08acb267810796f60cdae4f97
2026-04-21,4PM,2026-04-21|Anguilla|4PM,2026-04-21 15:20:58,2026-04-21 18:10:17,74,56,72,74|56|72,1ra,2da,3ra,72|65|45,72|65|45|86|15|53|13|39|47|42|77|75,,1,1,0,72,72,,72:3ra,72:3ra,1,1,0,EDGE MODERADO,0.73051,2.303994,0.000518,7.805249,5607,1482,1,aaed0732b0cd5de903daadc29b9c8123
2026-04-21,7PM,2026-04-21|Anguilla|7PM,2026-04-21 18:10:12,2026-04-21 19:25:08,83,37,09,83|37|09,1ra,2da,3ra,17|82|52,17|82|52|43|08|50|86|36|38|78|32|64,,0,0,0,,,,,,0,0,0,NO JUGAR,0.647435,1.791188,0.000453,3.460904,5610,1520,1,6b3e5a896c0fc22981d2d063826ac5aa
2026-04-21,8PM,2026-04-21|Anguilla|8PM,2026-04-21 19:25:02,2026-04-22 10:43:52,81,92,00,81|92|00,1ra,2da,3ra,90|11|07,90|11|07|54|45|77|82|95|81|63|38|96,,0,1,0,,81,,,81:1ra,0,1,0,EDGE MODERADO,0.778505,2.199922,0.000524,7.759349,5611,1544,1,015b61e94e17aad484f3454cdf89899d
2026-04-22,11AM,2026-04-22|Anguilla|11AM,2026-04-22 10:43:47,2026-04-22 12:44:23,61,65,22,61|65|22,1ra,2da,3ra,25|82|14,25|82|14|77|37|35|55|33|73|68|29|67,,0,0,0,,,,,,0,0,0,EDGE MODERADO,0.766781,2.191106,0.000512,7.561376,5617,1511,1,8071c505b3c632bd4a586c222d67c3be
2026-04-22,1PM,2026-04-22|Anguilla|1PM,2026-04-22 12:44:18,2026-04-22 13:52:20,24,89,85,24|89|85,1ra,2da,3ra,33|44|43,33|44|43|38|75|59|24|94|18|91|52|95,,0,1,0,,24,,,24:1ra,0,1,0,EDGE MODERADO,0.668655,2.460081,0.000837,12.927635,5619,1504,1,cd0768f76471f4de6a685b31a26c4222
2026-04-22,2PM,2026-04-22|Anguilla|2PM,2026-04-22 13:52:14,2026-04-22 17:03:32,95,00,23,95|00|23,1ra,2da,3ra,24|93|82,24|93|82|87|62|90|66|35|07|98|95|86,,0,1,0,,95,,,95:1ra,0,1,0,EDGE MODERADO,0.683634,2.318864,0.000524,7.928617,5620,1482,1,121f33f5f31743374e2ca4ca102b8b81
2026-04-22,6PM,2026-04-22|Anguilla|6PM,2026-04-22 17:41:17,2026-04-22 18:26:43,92,49,56,92|49|56,1ra,2da,3ra,62|88|72,62|88|72|26|99|20|59|92|42|38|23|21,,0,1,0,,92,,,92:1ra,0,1,0,EDGE REAL,1.19916,2.521562,0.000682,10.685722,5624,1432,1,83e5f415e0f026ce0da262f67c3ad5e2
2026-04-22,7PM,2026-04-22|Anguilla|7PM,2026-04-22 18:26:37,2026-04-22 19:24:00,12,58,62,12|58|62,1ra,2da,3ra,90|17|72,90|17|72|42|47|92|65|59|34|05|54|12,,0,1,0,,12,,,12:1ra,0,1,0,EDGE REAL,0.79197,2.790178,0.000979,16.010659,5625,1438,1,0a0a41e842d05dd61f8e82402f13f78b
2026-04-22,8PM,2026-04-22|Anguilla|8PM,2026-04-22 19:23:54,2026-04-22 20:49:58,38,99,37,38|99|37,1ra,2da,3ra,19|53|68,19|53|68|42|56|20|82|06|35|78|00|67,,0,0,0,,,,,,0,0,0,EDGE REAL,1.073627,2.639456,0.000811,12.933255,5626,1472,1,553c6f29590a155d733514be1d847eca
2026-04-22,9PM,2026-04-22|Anguilla|9PM,2026-04-22 20:49:51,2026-04-23 12:15:28,05,71,53,05|71|53,1ra,2da,3ra,82|56|54,82|56|54|15|68|10|32|03|98|51|43|09,,0,0,0,,,,,,0,0,0,NO JUGAR,0.728506,2.107491,0.000423,6.165561,5627,1492,1,4a4fa3aeb7a3ab4f4b44d3ddcaf0e3f2
2026-04-23,1PM,2026-04-23|Anguilla|1PM,2026-04-23 12:15:23,2026-04-23 13:45:02,03,29,75,03|29|75,1ra,2da,3ra,87|28|86,87|28|86|32|75|34|50|41|96|05|76|71,,0,1,0,,75,,,75:3ra,0,1,0,NO JUGAR,0.624844,2.120582,0.000473,6.92112,5634,1511,1,4a22a4bfd3093d66eae7f7f1ed78c286
2026-04-23,2PM,2026-04-23|Anguilla|2PM,2026-04-23 13:44:56,2026-04-23 14:13:01,90,65,30,90|65|30,1ra,2da,3ra,42|38|99,42|38|99|95|55|52|33|09|82|41|72|50,,0,0,0,,,,,,0,0,0,EDGE MODERADO,0.713281,2.295409,0.000511,7.72545,5635,1501,1,bd505c23d3bb7eb2079933dce25fae7a
2026-04-23,3PM,2026-04-23|Anguilla|3PM,2026-04-23 14:12:55,2026-04-23 15:55:54,39,06,43,39|06|43,1ra,2da,3ra,33|79|87,33|79|87|51|26|58|73|45|10|28|69|50,,0,0,0,,,,,,0,0,0,NO JUGAR,0.6088,1.95024,0.000347,4.917139,5636,1547,1,36faef14be4c65a15bea8cbf062a0304
2026-04-23,4PM,2026-04-23|Anguilla|4PM,2026-04-23 15:55:48,2026-04-23 16:59:11,21,45,85,21|45|85,1ra,2da,3ra,42|52|41,42|52|41|03|43|48|33|25|28|86|89|09,,0,0,0,,,,,,0,0,0,NO JUGAR,0.628552,2.282556,0.000781,7.616727,5637,1538,1,aaaf3916a9cc6eeac22bd71a1e2cf7ea
2026-04-23,5PM,2026-04-23|Anguilla|5PM,2026-04-23 16:59:05,2026-04-23 17:10:07,18,83,80,18|83|80,1ra,2da,3ra,90|67|22,90|67|22|05|11|72|50|57|77|07|54|47,,0,0,0,,,,,,0,0,0,EDGE REAL,0.724724,2.35489,0.000659,10.0745,5638,1533,1,8c5328ac43724d8c43b9ceaa87ab9a0b
2026-04-23,6PM,2026-04-23|Anguilla|6PM,2026-04-23 17:10:01,2026-04-23 18:10:23,98,66,10,98|66|10,1ra,2da,3ra,42|11|95,42|11|95|38|61|83|87|12|72|69|78|26,,0,0,0,,,,,,0,0,0,EDGE MODERADO,0.723426,2.055029,0.000843,5.153746,5639,1507,1,0fad0b6dfa68141268d9517eb8b408f8
2026-04-23,7PM,2026-04-23|Anguilla|7PM,2026-04-23 18:10:18,2026-04-23 19:51:56,84,47,61,84|47|61,1ra,2da,3ra,96|45|20,96|45|20|29|82|73|25|27|91|40|24|89,,0,0,0,,,,,,0,0,0,EDGE REAL,0.704839,2.900316,0.00103,17.133056,5640,1528,1,bb530cb1e415d75e93ecbf9b0389e186
2026-04-23,8PM,2026-04-23|Anguilla|8PM,2026-04-23 19:51:51,2026-04-24 09:50:29,47,11,37,47|11|37,1ra,2da,3ra,69|62|83,69|62|83|23|74|39|72|11|25|04|44|13,,0,1,0,,11,,,11:2da,0,1,0,EDGE REAL,0.886544,2.304801,0.000622,9.420487,5641,1499,1,0559a102776a185dd40514d9a03644bc
2026-04-24,10AM,2026-04-24|Anguilla|10AM,2026-04-24 09:50:24,2026-04-24 11:10:19,19,97,27,19|97|27,1ra,2da,3ra,62|72|27,62|72|27|44|19|55|64|83|28|38|00|86,,1,2,0,27,27|19,,27:3ra,27:3ra|19:1ra,1,1,0,EDGE REAL,0.759992,2.481758,0.000659,10.29976,5646,1457,1,63dc480889c50ab880c1e1e035bd762d
2026-04-24,12PM,2026-04-24|Anguilla|12PM,2026-04-24 11:10:13,2026-04-24 12:24:11,99,13,40,99|13|40,1ra,2da,3ra,38|82|68,38|82|68|04|06|20|42|14|98|16|19|77,,0,0,0,,,,,,0,0,0,EDGE REAL,0.74063,2.125866,0.000736,6.316194,5648,1486,1,49f5136637cbc0161b9ea0264eeaed81
2026-04-24,1PM,2026-04-24|Anguilla|1PM,2026-04-24 12:24:05,2026-04-24 13:35:26,31,50,59,31|50|59,1ra,2da,3ra,97|61|77,97|61|77|98|37|07|17|03|15|04|46|93,,0,0,0,,,,,,0,0,0,NO JUGAR,0.628717,2.236696,0.000482,7.229817,5649,1472,1,bb62b13a13a341775603f9e467f9d6b6
2026-04-24,2PM,2026-04-24|Anguilla|2PM,2026-04-24 13:35:20,2026-04-24 14:59:17,33,93,01,33|93|01,1ra,2da,3ra,42|15|38,42|15|38|55|19|08|22|04|86|41|96|75,,0,0,0,,,,,,0,0,0,EDGE REAL,0.886902,2.429822,0.000632,9.796173,5650,1495,1,16df86bda87ed944fa6d969dc00ffdb6
2026-04-24,3PM,2026-04-24|Anguilla|3PM,2026-04-24 14:59:11,2026-04-24 15:09:29,66,39,28,66|39|28,1ra,2da,3ra,70|54|34,70|54|34|01|32|55|09|17|35|23|72|75,,0,0,0,,,,,,0,0,0,EDGE MODERADO,0.715285,1.89764,0.000537,4.979356,5651,1480,1,345c8dcff3cde151c05221169ccae66d
2026-04-24,4PM,2026-04-24|Anguilla|4PM,2026-04-24 15:09:23,2026-04-24 17:33:09,72,47,16,72|47|16,1ra,2da,3ra,74|21|38,74|21|38|56|73|45|49|41|80|53|20|87,,0,0,0,,,,,,0,0,0,EDGE REAL,0.816539,2.28372,0.000556,8.411024,5652,1488,1,de7a561cd73890b20b5849bb8727a6b0
2026-04-24,6PM,2026-04-24|Anguilla|6PM,2026-04-24 17:33:04,2026-04-24 18:11:06,98,75,59,98|75|59,1ra,2da,3ra,32|82|29,32|82|29|52|87|31|25|74|76|75|23|79,,0,1,0,,75,,,75:2da,0,1,0,EDGE REAL,0.857848,2.47738,0.000718,11.20805,5654,1562,1,1f66d406798895e2154fdf75a88d9885
2026-04-24,7PM,2026-04-24|Anguilla|7PM,2026-04-24 18:11:00,2026-04-25 12:56:24,18,06,95,18|06|95,1ra,2da,3ra,99|24|86,99|24|86|25|19|57|33|62|71|15|47|95,,0,1,0,,95,,,95:3ra,0,1,0,EDGE REAL,0.940284,2.532921,0.000945,14.856292,5655,1550,1,8891476cf404086387756022858ef2e1
2026-04-25,1PM,2026-04-25|Anguilla|1PM,2026-04-25 12:56:18,2026-04-25 13:54:40,57,80,36,57|80|36,1ra,2da,3ra,27|47|64,27|47|64|54|82|21|58|65|95|67|72|60,,0,0,0,,,,,,0,0,0,NO JUGAR,0.685317,1.868151,0.000428,4.66814,5664,1592,1,2f329a70020293a3ab045e6811fb092a
2026-04-25,2PM,2026-04-25|Anguilla|2PM,2026-04-25 13:54:35,2026-04-25 15:17:01,08,08,12,08|08|12,1ra,2da,3ra,12|13|27,12|13|27|51|20|94|63|71|54|06|39|81,,1,1,0,12,12,,12:3ra,12:3ra,1,1,0,EDGE REAL,0.71281,2.172355,0.000592,8.777422,5665,1597,1,a696d0732910537f58fbdbbe70b6ee22
2026-04-25,4PM,2026-04-25|Anguilla|4PM,2026-04-25 15:16:55,2026-04-25 16:24:01,93,08,53,93|08|53,1ra,2da,3ra,06|09|13,06|09|13|08|98|07|53|59|60|24|31|57,,0,2,0,,08|53,,,08:2da|53:3ra,0,1,0,EDGE REAL,0.724337,2.482804,0.000719,11.266774,5667,1543,1,889288f9b9dd1941ff4b776672563cf1
2026-04-25,5PM,2026-04-25|Anguilla|5PM,2026-04-25 16:23:55,2026-04-25 18:48:23,71,01,47,71|01|47,1ra,2da,3ra,14|47|88,14|47|88|60|73|05|72|49|93|21|08|00,,1,1,0,47,47,,47:3ra,47:3ra,1,1,0,EDGE REAL,1.024708,2.560843,0.000762,12.097392,5668,1456,1,9549679e8855641f8f7c8f9b36db7011
2026-04-25,7PM,2026-04-25|Anguilla|7PM,2026-04-25 18:48:17,2026-04-25 19:11:41,28,29,50,28|29|50,1ra,2da,3ra,23|41|34,23|41|34|55|38|47|00|14|96|72|05|74,,0,0,0,,,,,,0,0,0,EDGE MODERADO,0.770309,2.138009,0.000479,7.078523,5670,1461,1,284f0e8bf7bab638a7154d817b7bba28
2026-04-25,8PM,2026-04-25|Anguilla|8PM,2026-04-25 19:11:36,2026-04-26 10:56:42,87,81,04,87|81|04,1ra,2da,3ra,01|80|75,01|80|75|72|60|53|99|32|25|74|65|47,,0,0,0,,,,,,0,0,0,EDGE MODERADO,0.783433,2.221546,0.000522,7.839429,5671,1523,1,57d5183fa3b39c6c06ed8641b8d1657b
2026-04-25,9PM,2026-04-25|Anguilla|9PM,2026-04-25 20:41:19,2026-04-26 10:56:42,20,72,61,20|72|61,1ra,2da,3ra,01|80|75,01|80|75|72|60|53|99|32|25|74|65|47,,0,1,0,,72,,,72:2da,0,1,0,EDGE MODERADO,0.783433,2.221546,0.000522,7.839429,5671,1523,1,da8da0af3620c90e4508d25a3a87fa4d
2026-04-26,11AM,2026-04-26|Anguilla|11AM,2026-04-26 10:56:37,2026-04-26 12:49:54,99,11,03,99|11|03,1ra,2da,3ra,28|63|37,28|63|37|83|52|46|23|05|58|72|33|57,,0,0,0,,,,,,0,0,0,NO JUGAR,0.681901,2.111979,0.000421,6.199215,5677,1534,1,4aa4397e64c11461b765b9591a9a5998
2026-04-26,1PM,2026-04-26|Anguilla|1PM,2026-04-26 12:49:49,2026-04-26 13:22:21,37,84,26,37|84|26,1ra,2da,3ra,56|61|69,56|61|69|29|26|09|64|46|15|10|28|02,,0,1,0,,26,,,26:3ra,0,1,0,EDGE MODERADO,0.696245,2.308537,0.00062,9.46111,5679,1565,1,e217319fe8ff8b892fc2585411aaf84c
2026-04-26,2PM,2026-04-26|Anguilla|2PM,2026-04-26 13:22:15,2026-04-26 15:11:37,21,56,98,21|56|98,1ra,2da,3ra,66|56|84,66|56|84|09|28|96|10|36|18|50|61|34,,1,1,0,56,56,,56:2da,56:2da,1,1,0,NO JUGAR,0.693426,2.035842,0.000384,5.587096,5680,1548,1,13e0b924f14020ccef228c03a5091e53
2026-04-26,4PM,2026-04-26|Anguilla|4PM,2026-04-26 15:11:31,2026-04-27 11:28:54,03,96,45,03|96|45,1ra,2da,3ra,42|58|76,42|58|76|07|12|35|57|95|79|46|31|47,,0,0,0,,,,,,0,0,0,EDGE MODERADO,0.661969,1.997266,0.000774,4.740984,5682,1493,1,a56902cbbb345471ee0d8766b0188d75
2026-04-27,12PM,2026-04-27|Anguilla|12PM,2026-04-27 11:28:48,2026-04-27 14:02:03,06,95,38,06|95|38,1ra,2da,3ra,73|99|64,73|99|64|65|62|38|02|34|12|28|49|58,,0,1,0,,38,,,38:3ra,0,1,0,EDGE MODERADO,0.687671,2.393571,0.00092,9.443579,5693,1517,1,da92d7ca23f76fef61828ad1cf397424
2026-04-27,3PM,2026-04-27|Anguilla|3PM,2026-04-27 14:53:36,2026-04-27 15:28:39,79,70,84,79|70|84,1ra,2da,3ra,10|67|72,10|67|72|54|47|97|93|00|95|26|08|32,,0,0,0,,,,,,0,0,0,NO JUGAR,0.656217,2.043042,0.000387,5.648785,5696,1500,1,7fdb3a1fcd972ceb17a51393afc5dd0f
2026-04-27,4PM,2026-04-27|Anguilla|4PM,2026-04-27 15:28:33,2026-04-27 16:14:03,43,88,41,43|88|41,1ra,2da,3ra,10|00|60,10|00|60|28|08|37|56|58|12|25|41|73,,0,1,0,,41,,,41:3ra,0,1,0,EDGE MODERADO,0.667657,1.887924,0.000469,4.440867,5697,1521,1,2f091c3955f9168b933a22f78b9bf67b
2026-04-27,5PM,2026-04-27|Anguilla|5PM,2026-04-27 16:13:57,2026-04-27 17:11:48,19,91,55,19|91|55,1ra,2da,3ra,52|89|32,52|89|32|22|82|13|80|84|14|23|66|44,,0,0,0,,,,,,0,0,0,EDGE ELITE,0.900264,2.577114,0.001035,16.498035,5698,1536,1,d8a8cc20db7b6b1874d101aa007ddaae
2026-04-27,6PM,2026-04-27|Anguilla|6PM,2026-04-27 17:11:43,2026-04-27 18:11:31,35,28,31,35|28|31,1ra,2da,3ra,19|39|16,19|39|16|58|29|18|97|90|88|78|42|72,,0,0,0,,,,,,0,0,0,EDGE MODERADO,0.703155,2.263214,0.00049,7.457875,5699,1504,1,e8ab396eee96ac26acf05cd9bd91e6dc
2026-04-27,7PM,2026-04-27|Anguilla|7PM,2026-04-27 18:11:26,2026-04-27 19:16:04,40,18,73,40|18|73,1ra,2da,3ra,77|52|38,77|52|38|21|10|74|93|69|07|94|81|02,,0,0,0,,,,,,0,0,0,EDGE MODERADO,0.674602,1.981982,0.000509,5.699426,5700,1478,1,5cb12aa39ca751583f6d4f508d324103
2026-04-27,8PM,2026-04-27|Anguilla|8PM,2026-04-27 19:15:59,2026-04-27 20:15:08,07,59,33,07|59|33,1ra,2da,3ra,96|93|38,96|93|38|33|25|91|85|57|21|51|14|69,,0,1,0,,33,,,33:3ra,0,1,0,NO JUGAR,0.599064,2.226953,0.000424,6.41606,5701,1487,1,c2a8bd1c908f4d8ab099ddc93a91c7ec
2026-04-27,9PM,2026-04-27|Anguilla|9PM,2026-04-27 20:15:02,2026-04-28 09:40:37,20,51,66,20|51|66,1ra,2da,3ra,38|41|45,38|41|45|56|86|18|40|62|70|28|84|96,,0,0,0,,,,,,0,0,0,NO JUGAR,0.765478,2.010436,0.000371,5.389648,5702,1503,1,5253862ce6ab6e0b2b9039ae38ad00fc
2026-04-28,10AM,2026-04-28|Anguilla|10AM,2026-04-28 09:40:31,2026-04-28 12:50:57,26,45,73,26|45|73,1ra,2da,3ra,95|74|35,95|74|35|21|51|57|69|81|23|54|87|70,,0,0,0,,,,,,0,0,0,NO JUGAR,0.677931,2.070993,0.000399,5.872527,5706,1503,1,84ed755dd26d2c7022a9eb97c9340ec8
2026-04-28,1PM,2026-04-28|Anguilla|1PM,2026-04-28 12:50:52,2026-04-28 16:19:26,06,94,89,06|94|89,1ra,2da,3ra,69|73|10,69|73|10|19|83|59|47|44|22|96|38|35,,0,0,0,,,,,,0,0,0,EDGE REAL,0.715654,2.218811,0.000567,8.549438,5709,1551,1,e59fdef9d4a0009572c5a3be8c9660fa
2026-04-28,5PM,2026-04-28|Anguilla|5PM,2026-04-28 16:19:20,2026-04-28 18:33:43,97,92,66,97|92|66,1ra,2da,3ra,20|27|07,20|27|07|52|94|34|06|91|75|62|32|65,,0,0,0,,,,,,0,0,0,EDGE REAL,0.703746,2.631786,0.000863,13.95132,5713,1564,1,e560b4d8c53d78b8bef8accd8788064c
2026-04-28,7PM,2026-04-28|Anguilla|7PM,2026-04-28 18:33:37,2026-04-28 19:16:41,88,56,16,88|56|16,1ra,2da,3ra,19|83|68,19|83|68|82|69|18|56|06|42|92|32|54,,0,1,0,,56,,,56:2da,0,1,0,EDGE REAL,0.748847,2.571332,0.000761,12.199649,5715,1480,1,7b0aee1959c7b1429a7be69595c33dfd
2026-04-28,8PM,2026-04-28|Anguilla|8PM,2026-04-28 19:16:35,2026-04-28 20:17:17,15,71,64,15|71|64,1ra,2da,3ra,85|21|54,85|21|54|90|59|03|99|53|41|05|38|91,,0,0,0,,,,,,0,0,0,NO JUGAR,0.645968,2.801749,0.00096,15.951494,5716,1482,1,2e6bb096da3f27b85b03f2b4d8866ded
2026-04-28,9PM,2026-04-28|Anguilla|9PM,2026-04-28 20:17:12,2026-04-29 09:56:24,68,76,77,68|76|77,1ra,2da,3ra,29|25|89,29|25|89|41|43|33|98|80|82|37|79|17,,0,0,0,,,,,,0,0,0,EDGE REAL,0.755937,2.191541,0.00055,8.271218,5717,1484,1,e2c0da239bbb4596006d46ba49151f7e
2026-04-29,10AM,2026-04-29|Anguilla|10AM,2026-04-29 09:56:18,2026-04-29 12:51:27,42,40,98,42|40|98,1ra,2da,3ra,20|04|44,20|04|44|83|38|73|48|14|22|24|33|39,,0,0,0,,,,,,0,0,0,EDGE REAL,0.704435,2.353352,0.001009,8.223282,5721,1555,1,08f585608f6b6b7c2440aa731830ed37
2026-04-29,1PM,2026-04-29|Anguilla|1PM,2026-04-29 12:51:21,2026-04-29 16:54:39,21,47,00,21|47|00,1ra,2da,3ra,07|26|15,07|26|15|53|29|02|62|66|49|36|98|16,,0,0,0,,,,,,0,0,0,EDGE REAL,0.831806,2.776215,0.001097,18.138432,5724,1505,1,27ea10f9318f3715aad50ecf1a8c836a
2026-04-29,5PM,2026-04-29|Anguilla|5PM,2026-04-29 16:54:33,2026-04-29 19:19:22,87,30,71,87|30|71,1ra,2da,3ra,38|19|53,38|19|53|32|17|46|54|96|43|47|98|39,,0,0,0,,,,,,0,0,0,NO JUGAR,0.626404,2.34274,0.000524,8.130883,5728,1469,1,9cb34a38815f6e2814ac6e65abe908a3
2026-04-29,8PM,2026-04-29|Anguilla|8PM,2026-04-29 19:19:16,2026-04-30 13:46:09,47,27,43,47|27|43,1ra,2da,3ra,61|20|57,61|20|57|13|26|99|90|51|19|24|63|56,,0,0,0,,,,,,0,0,0,NO JUGAR,0.624861,2.69406,0.000753,12.360174,5731,1520,1,a41570960db0b44e1289dd505000c18b
2026-04-30,2PM,2026-04-30|Anguilla|2PM,2026-04-30 13:46:03,2026-04-30 15:54:48,01,12,78,01|12|78,1ra,2da,3ra,32|95|23,32|95|23|71|42|09|75|15|72|81|16|08,,0,0,0,,,,,,0,0,0,EDGE REAL,0.706749,2.523674,0.000796,12.703987,5740,1562,1,f641f92dc1c23f14e5febbcff10b33f5
2026-04-30,4PM,2026-04-30|Anguilla|4PM,2026-04-30 15:54:42,2026-04-30 16:39:44,97,80,33,97|80|33,1ra,2da,3ra,56|38|10,56|38|10|37|91|17|00|70|33|41|82|08,,0,1,0,,33,,,33:3ra,0,1,0,EDGE MODERADO,0.698425,2.276055,0.000699,10.70065,5742,1527,1,2ee97cdd8b4823c983804751f3bc8de2
2026-04-30,5PM,2026-04-30|Anguilla|5PM,2026-04-30 16:39:38,2026-04-30 17:09:55,81,63,35,81|63|35,1ra,2da,3ra,51|17|49,51|17|49|06|68|20|34|90|13|45|38|58,,0,0,0,,,,,,0,0,0,EDGE MODERADO,0.676758,2.148741,0.000478,7.171025,5743,1535,1,5fb1e7662454f7496dcda6b682e4fc90
2026-04-30,6PM,2026-04-30|Anguilla|6PM,2026-04-30 17:09:50,2026-04-30 20:30:08,37,00,02,37|00|02,1ra,2da,3ra,53|14|44,53|14|44|20|94|02|82|05|21|60|48|51,,0,1,0,,02,,,02:3ra,0,1,0,EDGE REAL,0.781356,2.495655,0.000592,9.447913,5744,1562,1,f3bbc26e2c450fddae3f944be20e4ecd
2026-04-30,9PM,2026-04-30|Anguilla|9PM,2026-04-30 20:30:02,2026-05-01 12:17:53,93,52,62,93|52|62,1ra,2da,3ra,31|38|36,31|38|36|67|99|16|96|07|82|60|89|51,,0,0,0,,,,,,0,0,0,EDGE MODERADO,0.696817,2.306769,0.000764,8.634161,5747,1586,1,efad628eeb14d1ccd8450d1d659a2797
2026-05-01,1PM,2026-05-01|Anguilla|1PM,2026-05-01 12:17:48,2026-05-02 12:18:05,33,47,11,33|47|11,1ra,2da,3ra,70|54|04,70|54|04|27|93|21|01|18|31|73|82|55,,0,0,0,,,,,,0,0,0,EDGE MODERADO,0.693337,2.27027,0.000489,7.512813,5754,1519,1,7b8d019455eb254636ea5f08a5be2857
2026-05-05,10AM,2026-05-05|Anguilla|10AM,2026-05-05 09:41:44,2026-05-05 12:49:50,84,38,36,84|38|36,1ra,2da,3ra,92|59|55,92|59|55|60|94|08|42|75|93|14|38|96,,0,1,0,,38,,,38:2da,0,1,0,NO JUGAR,0.62639,2.090318,0.000403,6.020476,5786,1573,1,3c270ced96e495da831d7fc7bc5658b8
2026-05-05,1PM,2026-05-05|Anguilla|1PM,2026-05-05 12:49:44,2026-05-06 12:25:17,11,84,32,11|84|32,1ra,2da,3ra,37|24|57,37|24|57|58|79|47|04|78|48|77|32|46,,0,1,0,,32,,,32:3ra,0,1,0,NO JUGAR,0.633901,1.910939,0.000498,4.61157,5789,1535,1,72b4d880033b03e6b017b930633a18d9
2026-05-06,1PM,2026-05-06|Anguilla|1PM,2026-05-06 12:25:11,2026-05-06 20:18:01,72,53,83,72|53|83,1ra,2da,3ra,58|39|10,58|39|10|05|34|40|01|72|41|27|42|76,,0,1,0,,72,,,72:1ra,0,1,0,NO JUGAR,0.629495,2.112291,0.000454,6.840048,5804,1511,1,00c63ba29e16f118d6c84299c6cdb1ca
2026-05-06,9PM,2026-05-06|Anguilla|9PM,2026-05-06 20:17:55,2026-05-07 17:17:03,31,39,28,31|39|28,1ra,2da,3ra,29|20|91,29|20|91|89|74|13|66|64|15|88|70|87,,0,0,0,,,,,,0,0,0,NO JUGAR,0.722677,1.932181,0.000362,5.266469,5812,1608,1,2beea7cfc4f4d93808e5c3f5f636e613
2026-05-07,6PM,2026-05-07|Anguilla|6PM,2026-05-07 17:16:57,2026-05-08 09:05:01,39,40,49,39|40|49,1ra,2da,3ra,53|09|73,53|09|73|54|68|71|46|62|96|72|45|31,,0,0,0,,,,,,0,0,0,NO JUGAR,0.635054,2.08,0.000653,4.719686,5824,1520,1,d663286a8ad3d784bf73f19b68a44d3e
2026-05-08,10AM,2026-05-08|Anguilla|10AM,2026-05-08 09:04:55,2026-05-08 10:10:20,44,74,55,44|74|55,1ra,2da,3ra,29|03|53,29|03|53|23|84|75|59|95|62|49|12|20,,0,0,0,,,,,,0,0,0,EDGE MODERADO,0.670733,2.22218,0.000508,7.841372,5831,1539,1,6454c8aedea07945db2502496fcd1b72
2026-05-08,11AM,2026-05-08|Anguilla|11AM,2026-05-08 10:10:14,2026-05-08 17:24:57,42,72,53,42|72|53,1ra,2da,3ra,58|95|27,58|95|27|19|23|68|24|28|08|18|14|88,,0,0,0,,,,,,0,0,0,EDGE MODERADO,0.650547,2.260465,0.000627,9.731999,5832,1538,1,39526e49f199a1da4663cf1c0fdc2b4d
2026-05-08,6PM,2026-05-08|Anguilla|6PM,2026-05-08 17:24:51,2026-05-08 18:14:38,36,63,97,36|63|97,1ra,2da,3ra,10|84|02,10|84|02|23|56|46|58|64|11|42|24|12,,0,0,0,,,,,,0,0,0,EDGE MODERADO,0.699182,2.20946,0.000501,7.720479,5839,1645,1,c1ba03d3b8d87a90a261fb2ad8c071d7
2026-05-08,7PM,2026-05-08|Anguilla|7PM,2026-05-08 18:14:32,2026-05-09 17:18:50,94,01,38,94|01|38,1ra,2da,3ra,32|43|06,32|43|06|93|02|94|82|04|20|44|75|91,,0,1,0,,94,,,94:1ra,0,1,0,EDGE REAL,0.7963,2.511828,0.000775,12.561835,5840,1626,1,95a18e8bb354b992edd2456ccaec709d
2026-05-09,6PM,2026-05-09|Anguilla|6PM,2026-05-09 17:18:44,2026-05-10 12:46:44,33,55,10,33|55|10,1ra,2da,3ra,95|15|72,95|15|72|45|12|04|80|42|41|26|22|78,,0,0,0,,,,,,0,0,0,NO JUGAR,0.646899,2.431063,0.000895,10.709751,5854,1576,1,b0dcbefdfc74075dfb7c6d3f8921d055
2026-05-12,4PM,2026-05-12|Anguilla|4PM,2026-05-12 15:17:21,2026-05-12 20:24:24,29,91,42,29|91|42,1ra,2da,3ra,32|90|65,32|90|65|21|86|33|06|48|23|47|82|28,,0,0,0,,,,,,0,0,0,NO JUGAR,0.658603,2.03374,0.000331,4.994668,5887,1560,1,b7676867ac0fe9a7de29148ad4bea143
2026-05-12,9PM,2026-05-12|Anguilla|9PM,2026-05-12 20:24:18,2026-05-13 17:43:17,57,73,48,57|73|48,1ra,2da,3ra,33|09|72,33|09|72|62|05|16|26|96|38|91|87|95,,0,0,0,,,,,,0,0,0,NO JUGAR,0.711473,1.968653,0.000375,5.578485,5892,1585,1,1c2c8a7b5934bf00c4d17afd2e3167ad
2026-05-13,6PM,2026-05-13|Anguilla|6PM,2026-05-13 17:43:11,2026-05-14 17:12:19,91,12,96,91|12|96,1ra,2da,3ra,51|98|70,51|98|70|60|50|43|57|83|76|99|31|53,,0,0,0,,,,,,0,0,0,EDGE REAL,0.79515,2.484848,0.00069,11.279862,5904,1594,1,eb24750fae5ebfd92ed068ffd03334ca
2026-05-14,6PM,2026-05-14|Anguilla|6PM,2026-05-14 17:12:14,2026-05-14 19:16:41,60,19,13,60|19|13,1ra,2da,3ra,09|41|72,09|41|72|44|10|28|75|53|00|02|26|31,,0,0,0,,,,,,0,0,0,EDGE REAL,0.720065,2.091704,0.00057,7.224232,5918,1667,1,67778417302e39241a15bb68bd76d1cf
2026-05-14,8PM,2026-05-14|Anguilla|8PM,2026-05-14 19:16:34,2026-05-15 12:35:20,44,25,35,44|25|35,1ra,2da,3ra,44|49|36,44|49|36|09|50|64|15|22|42|69|56|48,,1,1,0,44,44,,44:1ra,44:1ra,1,1,0,NO JUGAR,0.754416,1.922403,0.000317,4.692962,5921,1570,1,f865641e88dbe40fa40740931c11a866
2026-05-22,10PM,2026-05-22|Anguilla|10PM,2026-05-22 21:20:43,2026-05-23 07:20:51,64,48,38,64|48|38,1ra,2da,3ra,61|43|21,61|43|21|02|30|65|29|77|60|74|53|82,,0,0,0,,,,,,0,0,0,EDGE MODERADO,0.659554,2.514696,0.000639,10.594912,5958,1618,1,dc0749990b2004e05fedc2d56aed5a1f
2026-05-22,12PM,2026-05-22|Anguilla|12PM,2026-05-22 11:29:20,2026-05-22 12:24:50,68,05,75,68|05|75,1ra,2da,3ra,49|13|09,49|13|09|88|29|05|45|25|38|40|48|59,,0,1,0,,05,,,05:2da,0,1,0,NO JUGAR,0.596178,2.017365,0.000358,5.436396,5948,1608,1,7a657118e2a50a6364bddadf1a66dbf1
2026-05-22,1PM,2026-05-22|Anguilla|1PM,2026-05-22 12:24:32,2026-05-22 13:34:20,61,02,84,61|02|84,1ra,2da,3ra,69|67|99,69|67|99|39|57|13|55|54|03|32|81|23,,0,0,0,,,,,,0,0,0,EDGE REAL,0.978041,2.379014,0.000683,11.043284,5949,1593,1,27c111e7f0dacd1e872cec01f68f9d81
2026-05-22,2PM,2026-05-22|Anguilla|2PM,2026-05-22 13:34:02,2026-05-22 14:21:20,34,46,85,34|46|85,1ra,2da,3ra,70|05|74,70|05|74|27|83|48|84|12|98|55|82|20,,0,0,0,,,,,,0,0,0,NO JUGAR,0.620064,2.392178,0.000581,9.423281,5950,1572,1,2bc82ec5522c3956a9b17328f48047b2
2026-05-22,3PM,2026-05-22|Anguilla|3PM,2026-05-22 14:21:02,2026-05-22 15:20:59,07,15,97,07|15|97,1ra,2da,3ra,26|85|75,26|85|75|44|00|91|84|54|12|28|13|80,,0,0,0,,,,,,0,0,0,EDGE MODERADO,0.680787,2.469661,0.000794,13.022767,5951,1566,1,6ddda2974560852b2b9e8d9a75bf5044
2026-05-22,4PM,2026-05-22|Anguilla|4PM,2026-05-22 15:20:41,2026-05-22 16:32:22,19,08,87,19|08|87,1ra,2da,3ra,70|32|16,70|32|16|95|20|51|67|52|72|62|38|49,,0,0,0,,,,,,0,0,0,EDGE MODERADO,0.656055,2.395542,0.000958,11.233803,5952,1517,1,3a470e835a13fe48f0b2755ff8e1bd6b
2026-05-22,5PM,2026-05-22|Anguilla|5PM,2026-05-22 16:32:04,2026-05-22 17:21:00,33,69,87,33|69|87,1ra,2da,3ra,32|49|45,32|49|45|51|48|14|20|85|76|39|19|27,,0,0,0,,,,,,0,0,0,EDGE ELITE,0.916365,2.932822,0.001071,18.871671,5953,1533,1,3f1fe87796197a66c317a1522e908caa
2026-05-22,6PM,2026-05-22|Anguilla|6PM,2026-05-22 17:20:42,2026-05-22 18:36:34,30,27,05,30|27|05,1ra,2da,3ra,62|08|59,62|08|59|49|93|29|98|72|57|31|42|77,,0,0,0,,,,,,0,0,0,EDGE MODERADO,1.124801,2.325699,0.000548,8.801694,5954,1573,1,1db1ac136bc1537a083032f4f1784355
2026-05-22,7PM,2026-05-22|Anguilla|7PM,2026-05-22 18:36:15,2026-05-22 19:37:51,71,37,55,71|37|55,1ra,2da,3ra,88|12|42,88|12|42|69|47|53|21|51|68|14|26|73,,0,0,0,,,,,,0,0,0,EDGE MODERADO,0.695688,2.346952,0.000618,9.971082,5955,1587,1,8b60ae05d43c68eb560a3d1073e386fc
2026-05-22,8PM,2026-05-22|Anguilla|8PM,2026-05-22 19:37:34,2026-05-22 20:20:57,11,63,10,11|63|10,1ra,2da,3ra,56|19|76,56|19|76|06|41|53|18|38|20|92|48|93,,0,0,0,,,,,,0,0,0,EDGE REAL,0.710922,2.323321,0.000703,11.252682,5956,1603,1,eaac28bfd7715ca687311c4b4462916a
2026-05-22,9PM,2026-05-22|Anguilla|9PM,2026-05-22 20:20:39,2026-05-22 21:21:01,41,72,35,41|72|35,1ra,2da,3ra,23|80|47,23|80|47|87|15|20|81|96|54|09|44|26,,0,0,0,,,,,,0,0,0,EDGE MODERADO,0.705011,2.076531,0.000508,6.518208,5957,1592,1,72a05e8f001bb221e70105ab65ce45f5
2026-05-23,10AM,2026-05-23|Anguilla|10AM,2026-05-23 09:21:04,2026-05-23 10:20:58,92,72,61,92|72|61,1ra,2da,3ra,67|23|28,67|23|28|76|58|51|59|37|25|06|36|55,,0,0,0,,,,,,0,0,0,EDGE MODERADO,0.817795,2.28949,0.000529,8.459909,5961,1558,1,a9670b6bcf39000d8bbb231dcf2a6d5f
2026-05-23,10PM,2026-05-23|Anguilla|10PM,2026-05-23 21:21:00,2026-05-23 22:21:18,33,79,85,33|79|85,1ra,2da,3ra,73|51|68,73|51|68|39|82|38|32|77|74|54|05|19,,0,0,0,,,,,,0,0,0,NO JUGAR,0.62082,2.223602,0.000496,7.842127,5973,1600,1,efff8f980c7db3d66755ab6b5c6a1400
2026-05-23,11AM,2026-05-23|Anguilla|11AM,2026-05-23 10:20:40,2026-05-23 11:21:23,92,42,23,92|42|23,1ra,2da,3ra,42|83|54,42|83|54|11|77|47|09|65|28|88|66|84,,1,1,0,42,42,,42:2da,42:2da,1,1,0,EDGE MODERADO,0.670051,2.453314,0.000609,10.007883,5962,1510,1,7865347cf393603f2c1bf34fa042b978
2026-05-23,12PM,2026-05-23|Anguilla|12PM,2026-05-23 11:21:05,2026-05-23 13:20:58,00,89,18,00|89|18,1ra,2da,3ra,42|58|75,42|58|75|85|91|59|54|95|38|83|74|73,,0,0,0,,,,,,0,0,0,EDGE REAL,0.797922,2.644346,0.000766,12.971504,5963,1541,1,46f2c5b4aef193eacfe939218f971961
2026-05-23,2PM,2026-05-23|Anguilla|2PM,2026-05-23 13:20:40,2026-05-23 14:20:58,88,95,84,88|95|84,1ra,2da,3ra,40|53|45,40|53|45|73|29|18|44|86|04|11|46|66,,0,0,0,,,,,,0,0,0,EDGE REAL,0.78109,2.311493,0.000628,10.012551,5965,1592,1,38ea4cb101f57cd510b633c68bce52c5
2026-05-23,3PM,2026-05-23|Anguilla|3PM,2026-05-23 14:20:40,2026-05-23 15:34:20,41,94,97,41|94|97,1ra,2da,3ra,96|83|00,96|83|00|37|25|11|07|81|30|12|89|88,,0,0,0,,,,,,0,0,0,EDGE MODERADO,0.760806,2.077009,0.000915,5.910544,5966,1585,1,1416b041e2b1a94ae2fac6247f7b9334
2026-05-23,4PM,2026-05-23|Anguilla|4PM,2026-05-23 15:34:03,2026-05-23 17:21:16,64,67,86,64|67|86,1ra,2da,3ra,15|86|20,15|86|20|13|89|38|98|81|31|26|29|09,,1,1,0,86,86,,86:3ra,86:3ra,1,1,0,NO JUGAR,0.750071,2.028764,0.000362,5.522043,5967,1607,1,664c9cd7fcc00953d1b30782674be7b2
2026-05-23,5PM,2026-05-23|Anguilla|5PM,2026-05-23 16:21:04,2026-05-23 17:21:16,16,84,79,16|84|79,1ra,2da,3ra,15|86|20,15|86|20|13|89|38|98|81|31|26|29|09,,0,0,0,,,,,,0,0,0,NO JUGAR,0.750071,2.028764,0.000362,5.522043,5967,1607,1,8ea4c70ca27a2f1e9c75e6e85373b071
2026-05-23,6PM,2026-05-23|Anguilla|6PM,2026-05-23 17:20:58,2026-05-23 18:21:20,95,69,94,95|69|94,1ra,2da,3ra,13|00|31,13|00|31|98|41|37|52|59|06|49|12|05,,0,0,0,,,,,,0,0,0,NO JUGAR,0.601593,2.075741,0.000383,5.901103,5969,1560,1,a1ddf0ddcc36176e2be22a841a825f63
2026-05-23,7PM,2026-05-23|Anguilla|7PM,2026-05-23 18:21:02,2026-05-23 19:21:21,92,71,57,92|71|57,1ra,2da,3ra,01|92|73,01|92|73|34|13|39|69|25|65|57|83|58,,1,2,0,92,92|57,,92:1ra,92:1ra|57:3ra,1,1,0,NO JUGAR,0.637343,1.961808,0.000297,4.484789,5970,1546,1,381a9e92a4704159d12bb502f7d1b6d6
2026-05-23,8AM,2026-05-23|Anguilla|8AM,2026-05-23 07:20:40,2026-05-23 08:21:00,38,42,71,38|42|71,1ra,2da,3ra,71|28|91,71|28|91|73|96|41|79|83|97|19|87|68,,1,1,0,71,71,,71:3ra,71:3ra,1,1,0,NO JUGAR,0.614733,2.189521,0.000435,6.83272,5959,1621,0,b8ddee167c446681e090329f7627b7df
2026-05-23,8PM,2026-05-23|Anguilla|8PM,2026-05-23 19:21:04,2026-05-23 20:21:20,92,97,55,92|97|55,1ra,2da,3ra,88|54|76,88|54|76|98|85|51|70|39|47|40|92|91,,0,1,0,,92,,,92:1ra,0,1,0,NO JUGAR,0.623088,2.235416,0.000502,7.95771,5971,1584,1,9de8c92dfc627b5e45edf17fb226cb40
2026-05-23,9AM,2026-05-23|Anguilla|9AM,2026-05-23 08:20:42,2026-05-23 09:21:22,45,38,45,45|38|45,1ra,2da,3ra,06|28|93,06|28|93|41|30|91|25|73|07|82|59|52,,0,0,0,,,,,,0,0,0,EDGE REAL,0.825005,2.222031,0.00059,9.300063,5960,1575,1,0dfd5fdeb28c4fc3b602001d2188dea1
2026-05-23,9PM,2026-05-23|Anguilla|9PM,2026-05-23 20:21:01,2026-05-23 21:21:17,28,91,03,28|91|03,1ra,2da,3ra,30|82|42,30|82|42|92|49|88|52|04|76|89|93|32,,0,0,0,,,,,,0,0,0,NO JUGAR,0.594674,1.755266,0.000214,3.098484,5972,1591,1,020a0803a02056ab9397b9396eb5422b
2026-05-24,10AM,2026-05-24|Anguilla|10AM,2026-05-24 09:20:58,2026-05-24 10:21:16,10,52,47,10|52|47,1ra,2da,3ra,39|20|42,39|20|42|32|54|27|33|62|52|94|95|23,,0,1,0,,52,,,52:2da,0,1,0,EDGE REAL,0.810386,2.444372,0.000833,13.658499,5976,1593,1,53e4acede73689781335cbf9840ecab8
2026-05-24,10PM,2026-05-24|Anguilla|10PM,2026-05-24 21:21:17,2026-05-24 22:21:37,70,06,79,70|06|79,1ra,2da,3ra,92|27|68,92|27|68|31|42|40|51|57|15|96|16|54,,0,0,0,,,,,,0,0,0,NO JUGAR,0.600824,2.530854,0.000704,11.760093,5988,1593,1,39230ffd2780ace6e38ace5033613bea
2026-05-24,11AM,2026-05-24|Anguilla|11AM,2026-05-24 10:20:58,2026-05-24 11:21:16,24,75,32,24|75|32,1ra,2da,3ra,08|09|90,08|09|90|36|96|76|86|69|57|17|58|07,,0,0,0,,,,,,0,0,0,NO JUGAR,0.624954,2.159179,0.000464,7.256944,5977,1633,1,6b4667184fc4086b714f89769e250f63
2026-05-24,12PM,2026-05-24|Anguilla|12PM,2026-05-24 11:20:58,2026-05-24 12:21:18,79,85,45,79|85|45,1ra,2da,3ra,72|50|02,72|50|02|99|35|29|91|87|14|23|48|06,,0,0,0,,,,,,0,0,0,EDGE MODERADO,0.652647,2.16568,0.000511,8.007289,5978,1643,1,adcac912389130f627644df2b1e1f92d
2026-05-24,1PM,2026-05-24|Anguilla|1PM,2026-05-24 12:21:00,2026-05-24 13:21:19,91,86,26,91|86|26,1ra,2da,3ra,12|88|00,12|88|00|29|22|67|70|05|25|57|37|04,,0,0,0,,,,,,0,0,0,EDGE MODERADO,0.723268,2.197574,0.000483,7.609698,5979,1645,1,cf6a3a876d260145cc04fe329bf9e8f2
2026-05-24,2PM,2026-05-24|Anguilla|2PM,2026-05-24 13:21:01,2026-05-24 14:21:17,43,35,42,43|35|42,1ra,2da,3ra,09|13|88,09|13|88|56|39|36|90|34|00|35|17|94,,0,1,0,,35,,,35:2da,0,1,0,NO JUGAR,0.749387,2.089182,0.000429,6.631143,5980,1587,1,810f88c1f4bbb3be0b1d93328cdac532
2026-05-24,3PM,2026-05-24|Anguilla|3PM,2026-05-24 14:21:00,2026-05-24 15:21:21,08,40,82,08|40|82,1ra,2da,3ra,48|58|54,48|58|54|27|89|52|39|32|53|30|20|22,,0,0,0,,,,,,0,0,0,EDGE REAL,0.835681,2.38834,0.00063,10.265443,5981,1556,1,6414d0b227d1ff7cbb903d04de1668c4
2026-05-24,4PM,2026-05-24|Anguilla|4PM,2026-05-24 15:21:03,2026-05-24 17:21:19,58,69,50,58|69|50,1ra,2da,3ra,39|57|56,39|57|56|14|81|97|10|38|51|77|91|55,,0,0,0,,,,,,0,0,0,EDGE MODERADO,0.673052,2.75768,0.000964,16.626611,5982,1527,1,7958e40ae1ff4310d5e00467c94e0b7e
2026-05-24,5PM,2026-05-24|Anguilla|5PM,2026-05-24 16:21:03,2026-05-24 17:21:19,72,76,84,72|76|84,1ra,2da,3ra,39|57|56,39|57|56|14|81|97|10|38|51|77|91|55,,0,0,0,,,,,,0,0,0,EDGE MODERADO,0.673052,2.75768,0.000964,16.626611,5982,1527,1,feff874a25f6d73a2ade4ed4cbc4a21f
2026-05-24,6PM,2026-05-24|Anguilla|6PM,2026-05-24 17:21:02,2026-05-24 18:21:18,55,70,47,55|70|47,1ra,2da,3ra,02|70|23,02|70|23|07|77|03|32|50|38|51|74|00,,1,1,0,70,70,,70:2da,70:2da,1,1,0,EDGE REAL,0.745413,2.815172,0.001146,19.9299,5984,1600,1,a41f24bed3fbdcc5c165a540adef030e
2026-05-24,7PM,2026-05-24|Anguilla|7PM,2026-05-24 18:21:00,2026-05-24 19:21:20,57,56,62,57|56|62,1ra,2da,3ra,71|26|62,71|26|62|46|04|95|85|41|72|22|90|60,,1,1,0,62,62,,62:3ra,62:3ra,1,1,0,NO JUGAR,0.629811,2.408227,0.000696,11.367891,5985,1662,1,43b711a1f56705bfa935d49112ee7ab8
2026-05-24,8AM,2026-05-24|Anguilla|8AM,2026-05-24 07:21:01,2026-05-24 08:21:19,37,19,22,37|19|22,1ra,2da,3ra,34|93|73,34|93|73|99|54|33|60|21|17|90|19|32,,0,1,0,,19,,,19:2da,0,1,0,NO JUGAR,0.585636,2.300642,0.000584,9.366851,5974,1605,0,377852eda8842f2f106138fe0f2b0642
2026-05-24,8PM,2026-05-24|Anguilla|8PM,2026-05-24 19:21:02,2026-05-24 21:21:35,69,37,90,69|37|90,1ra,2da,3ra,15|77|52,15|77|52|67|08|39|14|80|28|18|33|29,,0,0,0,,,,,,0,0,0,NO JUGAR,0.641312,2.071352,0.000456,5.861699,5986,1642,1,291cdc00b30f1c1f908cf8522b2fecdb
2026-05-24,9AM,2026-05-24|Anguilla|9AM,2026-05-24 08:21:02,2026-05-24 09:21:16,91,46,08,91|46|08,1ra,2da,3ra,66|51|81,66|51|81|60|43|89|63|56|34|93|01|30,,0,0,0,,,,,,0,0,0,NO JUGAR,0.894166,2.02293,0.000396,6.044051,5975,1611,1,eb8853606c0a77a9f3a1a1fdab61ec02
2026-05-24,9PM,2026-05-24|Anguilla|9PM,2026-05-24 20:21:19,2026-05-24 21:21:35,19,92,69,19|92|69,1ra,2da,3ra,15|77|52,15|77|52|67|08|39|14|80|28|18|33|29,,0,0,0,,,,,,0,0,0,NO JUGAR,0.641312,2.071352,0.000456,5.861699,5986,1642,1,8af0ce701fec2d6ffde7cc394848e345
2026-05-25,10AM,2026-05-25|Anguilla|10AM,2026-05-25 09:21:16,2026-05-25 10:21:36,24,27,60,24|27|60,1ra,2da,3ra,12|72|51,12|72|51|13|52|43|01|96|77|56|69|57,,0,0,0,,,,,,0,0,0,EDGE MODERADO,0.69961,2.174592,0.000515,8.090794,5991,1619,1,8bde65b77071f9ff38ec168d21446412
2026-05-25,10PM,2026-05-25|Anguilla|10PM,2026-05-25 21:20:18,2026-05-25 22:20:38,01,89,08,01|89|08,1ra,2da,3ra,69|82|57,69|82|57|54|47|29|14|98|33|66|93|28,,0,0,0,,,,,,0,0,0,EDGE REAL,0.716137,2.320517,0.000643,10.386227,6003,1600,1,b95fd8e48997ad7ba419ab50ec608163
2026-05-25,11AM,2026-05-25|Anguilla|11AM,2026-05-25 10:21:18,2026-05-25 11:21:38,08,55,79,08|55|79,1ra,2da,3ra,53|95|62,53|95|62|45|70|88|49|19|12|13|51|73,,0,0,0,,,,,,0,0,0,NO JUGAR,0.609069,1.910943,0.00033,3.66403,5992,1616,1,2c4a08a2e7a216cb7f5fad2f46752809
2026-05-25,12PM,2026-05-25|Anguilla|12PM,2026-05-25 11:21:20,2026-05-25 12:21:32,32,15,08,32|15|08,1ra,2da,3ra,12|96|89,12|96|89|90|41|00|44|10|22|88|20|14,,0,0,0,,,,,,0,0,0,EDGE MODERADO,0.704177,2.177401,0.000472,7.425125,5993,1613,1,2b74ea8abff9d5eb210aea2c66e869e4
2026-05-25,1PM,2026-05-25|Anguilla|1PM,2026-05-25 12:21:14,2026-05-25 13:21:34,81,45,31,81|45|31,1ra,2da,3ra,14|51|15,14|51|15|29|97|06|26|42|20|09|59|81,,0,1,0,,81,,,81:1ra,0,1,0,EDGE REAL,0.761348,2.390429,0.00063,10.288299,5994,1576,1,a10b846b999911c1022f781b3e0e34f8
2026-05-25,2PM,2026-05-25|Anguilla|2PM,2026-05-25 13:21:17,2026-05-25 14:20:43,82,47,88,82|47|88,1ra,2da,3ra,88|09|42,88|09|42|48|06|14|39|85|57|37|53|50,,1,1,0,88,88,,88:3ra,88:3ra,1,1,0,EDGE REAL,0.717487,2.358042,0.000593,9.579409,5995,1547,1,702c86801e064617af3248605992fe34
2026-05-25,3PM,2026-05-25|Anguilla|3PM,2026-05-25 14:20:24,2026-05-25 15:20:38,65,97,17,65|97|17,1ra,2da,3ra,84|13|11,84|13|11|47|62|77|09|05|88|65|99|35,,0,1,0,,65,,,65:1ra,0,1,0,EDGE MODERADO,0.735823,2.16647,0.000466,7.325683,5996,1549,1,ef0080668c8ce4947de649e90623eb4b
2026-05-25,4PM,2026-05-25|Anguilla|4PM,2026-05-25 15:20:21,2026-05-25 17:20:39,48,67,08,48|67|08,1ra,2da,3ra,08|73|62,08|73|62|59|33|38|49|89|50|17|43|40,,1,1,0,08,08,,08:3ra,08:3ra,1,1,0,EDGE REAL,0.736651,2.742292,0.000952,16.425784,5997,1595,1,c65931821d008b5dba6ed70709954208
2026-05-25,5PM,2026-05-25|Anguilla|5PM,2026-05-25 16:20:20,2026-05-25 17:20:39,22,03,58,22|03|58,1ra,2da,3ra,08|73|62,08|73|62|59|33|38|49|89|50|17|43|40,,0,0,0,,,,,,0,0,0,EDGE REAL,0.736651,2.742292,0.000952,16.425784,5997,1595,1,2b0f8fb1f7f0b3c1c9556336ff371042
2026-05-25,6PM,2026-05-25|Anguilla|6PM,2026-05-25 17:20:22,2026-05-25 18:20:38,07,33,40,07|33|40,1ra,2da,3ra,06|31|00,06|31|00|62|13|07|41|77|93|76|59|98,,0,1,0,,07,,,07:1ra,0,1,0,EDGE REAL,0.878921,2.272062,0.000566,9.069352,5999,1626,1,53a67afc8756d30bd5ae68ea6c1d5555
2026-05-25,7PM,2026-05-25|Anguilla|7PM,2026-05-25 18:20:20,2026-05-25 19:20:37,56,11,93,56|11|93,1ra,2da,3ra,38|34|56,38|34|56|33|20|58|47|73|90|70|57|08,,1,1,0,56,56,,56:1ra,56:1ra,1,1,0,NO JUGAR,0.78893,2.020759,0.000425,6.027285,6000,1613,1,ee8ed72c81d9d2230ee04b2fe44ae203
2026-05-25,8AM,2026-05-25|Anguilla|8AM,2026-05-25 07:21:16,2026-05-25 08:21:36,87,31,99,87|31|99,1ra,2da,3ra,82|95|11,82|95|11|94|42|10|76|96|26|93|04|18,,0,0,0,,,,,,0,0,0,EDGE REAL,0.723934,2.46627,0.000612,10.127157,5989,1590,0,1d0cdbe32bae70f4494be304cdac392f
2026-05-25,8PM,2026-05-25|Anguilla|8PM,2026-05-25 19:20:19,2026-05-25 20:20:35,48,66,16,48|66|16,1ra,2da,3ra,90|08|27,90|08|27|60|38|33|01|55|63|96|05|71,,0,0,0,,,,,,0,0,0,EDGE REAL,0.771857,2.670215,0.000849,14.552578,6001,1601,1,e4c2373f239784f3ae53262223cda1de
2026-05-25,9AM,2026-05-25|Anguilla|9AM,2026-05-25 08:21:18,2026-05-25 09:21:35,10,75,22,10|75|22,1ra,2da,3ra,01|76|53,01|76|53|72|55|08|79|37|63|51|99|19,,0,0,0,,,,,,0,0,0,EDGE MODERADO,0.76817,2.255866,0.000462,7.378786,5990,1579,1,74c9d3acc5da424093f7626238d32974
2026-05-25,9PM,2026-05-25|Anguilla|9PM,2026-05-25 20:20:18,2026-05-25 21:20:36,11,18,77,11|18|77,1ra,2da,3ra,62|41|83,62|41|83|74|29|47|80|76|50|58|00|20,,0,0,0,,,,,,0,0,0,NO JUGAR,0.722977,2.069655,0.000383,5.247941,6002,1600,1,30e052bbe400cc122021493e4c932447
2026-05-26,8AM,2026-05-26|Anguilla|8AM,2026-05-26 07:20:19,2026-05-27 03:45:49,03,15,99,03|15|99,1ra,2da,3ra,32|82|40,32|82|40|61|29|26|35|08|75|52|47|34,,0,0,0,,,,,,0,0,0,EDGE MODERADO,0.679453,2.384906,0.000626,10.224795,6004,1607,0,1d478e6b6a79c894ba2cade693f87698
2026-05-26,9AM,2026-05-26|Anguilla|9AM,2026-05-26 08:20:17,2026-05-27 03:45:49,31,68,05,31|68|05,1ra,2da,3ra,32|82|40,32|82|40|61|29|26|35|08|75|52|47|34,,0,0,0,,,,,,0,0,0,EDGE MODERADO,0.679453,2.384906,0.000626,10.224795,6004,1607,1,0d437816a1642c53fa0d0088670281c4
2026-06-13,10PM,2026-06-13|Anguilla|10PM,2026-06-13 21:20:58,2026-06-13 22:21:16,75,20,68,75|20|68,1ra,2da,3ra,74|92|66,74|92|66|54|60|78|93|88|59|67|46|06,,0,0,0,,,,,,0,0,0,NO JUGAR,0.666519,2.136416,0.000447,7.045719,6048,1603,1,0bffe20f56ea0974b0b354fd436d7117
2026-06-13,8PM,2026-06-13|Anguilla|8PM,2026-06-13 19:48:28,2026-06-13 20:21:15,59,33,82,59|33|82,1ra,2da,3ra,04|46|58,04|46|58|15|78|23|83|03|55|80|00|97,,0,0,0,,,,,,0,0,0,NO JUGAR,0.617175,2.023201,0.000337,5.169365,6046,1598,1,dd8e6a94d333a4421608d73649daaa06
2026-06-13,9PM,2026-06-13|Anguilla|9PM,2026-06-13 20:20:57,2026-06-13 21:21:16,19,92,51,19|92|51,1ra,2da,3ra,36|38|57,36|38|57|39|74|04|22|69|61|60|13|90,,0,0,0,,,,,,0,0,0,NO JUGAR,0.620631,2.415975,0.000693,11.453723,6047,1620,1,819bb8e54059caf8ae1093d7e10f3071
2026-06-14,10AM,2026-06-14|Anguilla|10AM,2026-06-14 09:21:00,2026-06-14 10:21:15,38,54,59,38|54|59,1ra,2da,3ra,00|33|06,00|33|06|17|41|39|71|28|85|91|62|73,,0,0,0,,,,,,0,0,0,EDGE MODERADO,0.669974,2.650013,0.000823,14.141101,6051,1686,1,6f242609bac4326508b1b72c0f4bb317
2026-06-14,10PM,2026-06-14|Anguilla|10PM,2026-06-14 21:21:03,2026-06-14 22:21:21,95,60,86,95|60|86,1ra,2da,3ra,53|85|41,53|85|41|80|06|09|75|82|59|79|14|63,,0,0,0,,,,,,0,0,0,EDGE MODERADO,0.748307,2.359511,0.000502,8.263232,6063,1610,1,8b6dfb7a96587c160196769a336ef3d1
2026-06-14,11AM,2026-06-14|Anguilla|11AM,2026-06-14 10:20:57,2026-06-14 11:21:16,76,60,70,76|60|70,1ra,2da,3ra,38|40|73,38|40|73|47|33|77|89|74|20|04|93|18,,0,0,0,,,,,,0,0,0,NO JUGAR,0.779633,1.908747,0.000278,4.148314,6052,1667,1,7cfb51a4b04df739c0295214b696d0dc
2026-06-14,12PM,2026-06-14|Anguilla|12PM,2026-06-14 11:20:58,2026-06-14 12:21:18,13,12,45,13|12|45,1ra,2da,3ra,07|13|36,07|13|36|02|08|54|34|60|80|69|78|45,,1,2,0,13,13|45,,13:1ra,13:1ra|45:3ra,1,1,0,EDGE REAL,0.732011,2.867446,0.001167,20.691453,6053,1679,1,013c00d83af46fdce24907a1a0da01a9
2026-06-14,1PM,2026-06-14|Anguilla|1PM,2026-06-14 12:21:00,2026-06-14 13:21:19,84,81,57,84|81|57,1ra,2da,3ra,79|63|74,79|63|74|53|67|04|77|44|62|41|07|34,,0,0,0,,,,,,0,0,0,EDGE MODERADO,0.671378,2.162283,0.000459,7.285594,6054,1667,1,da2b3fe725f611e3ee5ad2e79875c4ca
2026-06-14,2PM,2026-06-14|Anguilla|2PM,2026-06-14 13:21:01,2026-06-14 14:21:20,88,32,00,88|32|00,1ra,2da,3ra,42|09|15,42|09|15|12|11|64|97|44|28|23|81|37,,0,0,0,,,,,,0,0,0,EDGE REAL,0.857803,2.279744,0.000565,9.142597,6055,1679,1,8456263be3bcbfd8d24910fa7c7e248b
2026-06-14,3PM,2026-06-14|Anguilla|3PM,2026-06-14 14:21:02,2026-06-14 15:21:18,01,77,80,01|77|80,1ra,2da,3ra,89|26|60,89|26|60|17|59|23|16|54|27|84|06|00,,0,0,0,,,,,,0,0,0,NO JUGAR,0.786641,2.090766,0.000424,6.642603,6056,1620,1,81f6580256bf2edaea6458b434b6e958
2026-06-14,4PM,2026-06-14|Anguilla|4PM,2026-06-14 15:21:01,2026-06-14 16:21:16,15,96,41,15|96|41,1ra,2da,3ra,29|08|32,29|08|32|59|64|05|86|12|45|33|88|80,,0,0,0,,,,,,0,0,0,NO JUGAR,0.691198,2.091505,0.000384,6.025555,6057,1625,1,7ce449e00d01b19c0d8dde1e3ee7cc8d
2026-06-14,5PM,2026-06-14|Anguilla|5PM,2026-06-14 16:20:58,2026-06-14 17:21:17,17,46,38,17|46|38,1ra,2da,3ra,38|52|37,38|52|37|33|53|44|35|70|25|17|18|02,,1,2,0,38,38|17,,38:3ra,38:3ra|17:1ra,1,1,0,EDGE MODERADO,0.84779,2.266136,0.000509,8.234746,6058,1608,1,7210fb12d6a92bf40b34cc930e86dfb4
2026-06-14,6PM,2026-06-14|Anguilla|6PM,2026-06-14 17:20:59,2026-06-14 19:21:15,68,12,70,68|12|70,1ra,2da,3ra,92|55|48,92|55|48|84|90|19|26|44|20|36|34|27,,0,0,0,,,,,,0,0,0,NO JUGAR,0.642601,1.886951,0.000469,3.96982,6059,1614,1,e5a2d0f76b36dfe859da3fd7e8b9fb6c
2026-06-14,7PM,2026-06-14|Anguilla|7PM,2026-06-14 18:22:55,2026-06-14 19:21:15,13,33,78,13|33|78,1ra,2da,3ra,92|55|48,92|55|48|84|90|19|26|44|20|36|34|27,,0,0,0,,,,,,0,0,0,NO JUGAR,0.642601,1.886951,0.000469,3.96982,6059,1614,1,4ee8c26842faa6c8dbf43fcd80a173b5
2026-06-14,8AM,2026-06-14|Anguilla|8AM,2026-06-14 07:21:01,2026-06-14 08:21:19,67,65,91,67|65|91,1ra,2da,3ra,57|67|69,57|67|69|04|24|41|72|99|92|29|49|62,,1,1,0,67,67,,67:1ra,67:1ra,1,1,0,NO JUGAR,0.6118,2.006777,0.000493,7.573693,6049,1617,0,ffd8e8d1cdb397bce3b61ec4fac3bc3a
2026-06-14,8PM,2026-06-14|Anguilla|8PM,2026-06-14 19:20:57,2026-06-14 20:21:17,61,29,08,61|29|08,1ra,2da,3ra,79|93|34,79|93|34|14|59|17|74|48|77|08|99|66,,0,1,0,,08,,,08:3ra,0,1,0,EDGE REAL,0.745547,2.459437,0.000716,11.949552,6061,1645,1,753c408fe77b824d35ec911102cdf0ee
2026-06-14,9AM,2026-06-14|Anguilla|9AM,2026-06-14 08:21:01,2026-06-14 09:21:18,93,89,57,93|89|57,1ra,2da,3ra,74|82|39,74|82|39|17|70|07|84|28|51|89|99|73,,0,1,0,,89,,,89:2da,0,1,0,NO JUGAR,0.643806,2.197137,0.000522,8.31321,6050,1643,1,67313041931089ec776c05462c0e2361
2026-06-14,9PM,2026-06-14|Anguilla|9PM,2026-06-14 20:20:58,2026-06-14 21:21:22,01,12,10,01|12|10,1ra,2da,3ra,49|65|88,49|65|88|60|14|85|42|81|15|69|01|20,,0,1,0,,01,,,01:1ra,0,1,0,NO JUGAR,0.570642,1.909358,0.000288,4.123201,6062,1641,1,d526368b794ec0a8c5da1589e9c1347b
2026-06-15,10AM,2026-06-15|Anguilla|10AM,2026-06-15 09:20:58,2026-06-15 10:21:16,03,91,75,03|91|75,1ra,2da,3ra,71|39|55,71|39|55|44|25|24|08|79|63|41|20|58,,0,0,0,,,,,,0,0,0,EDGE MODERADO,0.658475,2.534717,0.000696,11.796791,6066,1634,1,cfd7fef0c8fd2f946d5fb508b1f9a648
2026-06-15,10PM,2026-06-15|Anguilla|10PM,2026-06-15 21:21:05,2026-06-15 22:21:17,10,67,94,10|67|94,1ra,2da,3ra,58|24|63,58|24|63|74|51|80|14|02|00|27|96|17,,0,0,0,,,,,,0,0,0,NO JUGAR,0.629709,2.194833,0.000563,9.002652,6078,1623,1,07849942e913bb67b4a7564c5f27b5ff
2026-06-15,11AM,2026-06-15|Anguilla|11AM,2026-06-15 10:20:58,2026-06-15 11:21:15,48,59,80,48|59|80,1ra,2da,3ra,73|21|99,73|21|99|68|23|88|09|62|57|69|58|33,,0,0,0,,,,,,0,0,0,NO JUGAR,0.695764,1.972134,0.000365,5.600539,6067,1686,1,2a94ef42c687a5cb3ab0a8241e8a46cc
2026-06-15,12PM,2026-06-15|Anguilla|12PM,2026-06-15 11:20:58,2026-06-15 12:21:16,09,66,73,09|66|73,1ra,2da,3ra,33|47|09,33|47|09|36|23|99|03|71|18|07|95|39,,1,1,0,09,09,,09:1ra,09:1ra,1,1,0,EDGE MODERADO,0.658245,2.174431,0.000552,8.785567,6068,1686,1,716f88bac41c93268ebb36b6eb7183bf
2026-06-15,1PM,2026-06-15|Anguilla|1PM,2026-06-15 12:20:58,2026-06-15 13:21:35,94,26,12,94|26|12,1ra,2da,3ra,93|66|08,93|66|08|21|20|48|45|38|91|19|55|27,,0,0,0,,,,,,0,0,0,NO JUGAR,0.590291,2.105564,0.00043,6.772207,6069,1706,1,28285b1bed5fc20b229a3405f5f681d8
2026-06-15,2PM,2026-06-15|Anguilla|2PM,2026-06-15 13:21:17,2026-06-15 14:21:19,50,90,35,50|90|35,1ra,2da,3ra,69|41|44,69|41|44|48|53|54|56|64|78|29|86|71,,0,0,0,,,,,,0,0,0,EDGE REAL,0.979936,2.447158,0.000764,12.743024,6070,1675,1,de5e30d119ab971fb5bf304ba0f4076a
2026-06-15,3PM,2026-06-15|Anguilla|3PM,2026-06-15 14:21:01,2026-06-15 15:21:19,09,08,07,09|08|07,1ra,2da,3ra,82|80|03,82|80|03|05|76|58|30|53|21|34|28|42,,0,0,0,,,,,,0,0,0,EDGE REAL,0.765341,2.289791,0.000569,9.244585,6071,1663,1,e756fef49adb324eabc88bad6cc1bd5d
2026-06-15,4PM,2026-06-15|Anguilla|4PM,2026-06-15 15:21:02,2026-06-15 16:21:21,33,97,28,33|97|28,1ra,2da,3ra,14|70|60,14|70|60|96|52|56|38|55|69|49|46|92,,0,0,0,,,,,,0,0,0,NO JUGAR,0.584468,2.328444,0.000589,9.64547,6072,1648,1,7762e2688c7246a33fa10821fb976f0f
2026-06-15,5PM,2026-06-15|Anguilla|5PM,2026-06-15 16:21:03,2026-06-15 17:21:20,22,31,00,22|31|00,1ra,2da,3ra,09|82|90,09|82|90|13|08|72|76|39|98|95|93|91,,0,0,0,,,,,,0,0,0,EDGE REAL,0.711366,2.471282,0.000779,13.038091,6073,1642,1,b3e682377e82a7695a35eb28b12e2985
2026-06-15,6PM,2026-06-15|Anguilla|6PM,2026-06-15 17:21:02,2026-06-15 18:21:21,70,14,27,70|14|27,1ra,2da,3ra,88|60|16,88|60|16|51|25|81|47|72|75|14|42|05,,0,1,0,,14,,,14:2da,0,1,0,EDGE MODERADO,0.669397,2.410538,0.000694,11.538933,6074,1597,1,e06110d0af458367127660c60b46ccb0
2026-06-15,7PM,2026-06-15|Anguilla|7PM,2026-06-15 18:21:03,2026-06-15 19:21:20,55,35,25,55|35|25,1ra,2da,3ra,76|84|95,76|84|95|13|55|32|41|62|60|12|54|45,,0,1,0,,55,,,55:1ra,0,1,0,EDGE MODERADO,0.705541,1.863954,0.000575,4.618157,6075,1594,1,7311f1b36c71a1afa080102378d0f257
2026-06-15,8AM,2026-06-15|Anguilla|8AM,2026-06-15 07:21:00,2026-06-15 08:21:18,70,83,80,70|83|80,1ra,2da,3ra,38|10|83,38|10|83|05|55|42|80|14|53|02|33|37,,1,2,0,83,83|80,,83:2da,83:2da|80:3ra,1,1,0,EDGE REAL,0.751438,2.445983,0.000651,10.858951,6064,1579,0,1e70accde1b5fd4f772a48904d29335e
2026-06-15,8PM,2026-06-15|Anguilla|8PM,2026-06-15 19:21:01,2026-06-15 20:21:15,02,83,43,02|83|43,1ra,2da,3ra,01|77|02,01|77|02|79|66|38|90|42|07|45|53|78,,1,1,0,02,02,,02:1ra,02:1ra,1,1,0,NO JUGAR,0.713033,2.030409,0.000356,5.537579,6076,1599,1,7842b75a439f2ad62df1db7896fa5e94
2026-06-15,9AM,2026-06-15|Anguilla|9AM,2026-06-15 08:21:01,2026-06-15 09:21:16,55,98,89,55|98|89,1ra,2da,3ra,20|45|13,20|45|13|81|26|63|91|35|92|47|64|50,,0,0,0,,,,,,0,0,0,EDGE REAL,0.802573,2.584517,0.000722,12.321963,6065,1624,1,636af0145e59053ef24637c02df9a91b
2026-06-15,9PM,2026-06-15|Anguilla|9PM,2026-06-15 20:20:57,2026-06-15 21:21:24,35,13,10,35|13|10,1ra,2da,3ra,28|80|78,28|80|78|71|97|90|03|27|21|12|73|77,,0,0,0,,,,,,0,0,0,NO JUGAR,0.588494,2.044292,0.000438,6.809487,6077,1609,1,51a3a49b409d6ad8e17d4a8b44656094
2026-06-16,10AM,2026-06-16|Anguilla|10AM,2026-06-16 09:21:02,2026-06-16 10:21:18,05,27,01,05|27|01,1ra,2da,3ra,86|33|90,86|33|90|36|76|30|41|34|72|73|65|12,,0,0,0,,,,,,0,0,0,NO JUGAR,0.661834,2.158296,0.000412,6.568734,6081,1630,1,9ba128d9464eec5df8cb4487e907d2d7
2026-06-16,11AM,2026-06-16|Anguilla|11AM,2026-06-16 10:21:00,2026-06-16 11:21:17,10,93,32,10|93|32,1ra,2da,3ra,29|55|53,29|55|53|05|79|58|95|85|33|48|18|39,,0,0,0,,,,,,0,0,0,EDGE MODERADO,0.683913,2.133037,0.000485,7.67566,6082,1605,1,b6120e2eee1e2a9bf43ac650a70769d8
2026-06-16,12PM,2026-06-16|Anguilla|12PM,2026-06-16 11:21:00,2026-06-16 12:21:16,72,40,48,72|40|48,1ra,2da,3ra,38|16|96,38|16|96|66|26|20|76|56|60|59|14|15,,0,0,0,,,,,,0,0,0,EDGE REAL,0.720343,2.425439,0.000638,10.643571,6083,1589,1,558d7ec826e68f947d8eb77a54a4b28b
2026-06-16,1PM,2026-06-16|Anguilla|1PM,2026-06-16 12:20:58,2026-06-16 13:21:18,23,14,12,23|14|12,1ra,2da,3ra,83|29|20,83|29|20|33|05|03|77|98|39|22|23|52,,0,1,0,,23,,,23:1ra,0,1,0,NO JUGAR,0.638102,2.364555,0.000613,10.145045,6084,1579,1,fb9b382ecc7a8e41d6e254e1f575f1b1
2026-06-16,2PM,2026-06-16|Anguilla|2PM,2026-06-16 13:20:59,2026-06-16 14:21:20,44,31,96,44|31|96,1ra,2da,3ra,41|53|67,41|53|67|88|13|74|62|91|71|82|20|93,,0,0,0,,,,,,0,0,0,EDGE MODERADO,0.746689,1.823713,0.000528,4.281514,6085,1604,1,4997029016687ace7dce18f462b45242
2026-06-16,3PM,2026-06-16|Anguilla|3PM,2026-06-16 14:21:02,2026-06-16 15:21:23,77,66,19,77|66|19,1ra,2da,3ra,24|10|32,24|10|32|30|59|28|71|92|61|15|42|75,,0,0,0,,,,,,0,0,0,NO JUGAR,0.62779,2.398896,0.000624,10.363386,6086,1598,1,51da660640de4c326e616be149175322
2026-06-16,4PM,2026-06-16|Anguilla|4PM,2026-06-16 15:21:05,2026-06-16 16:21:18,00,25,97,00|25|97,1ra,2da,3ra,60|64|93,60|64|93|86|66|13|20|27|58|45|40|53,,0,0,0,,,,,,0,0,0,NO JUGAR,0.623135,2.115255,0.000581,7.497881,6087,1606,1,2cbbfa983aea960dac377f063a39a766
2026-06-16,5PM,2026-06-16|Anguilla|5PM,2026-06-16 16:21:00,2026-06-16 20:20:25,86,72,22,86|72|22,1ra,2da,3ra,62|39|43,62|39|43|01|50|66|08|95|60|71|75|02,,0,0,0,,,,,,0,0,0,EDGE REAL,0.716482,2.471481,0.000717,9.220448,6088,1585,1,738cb38e51fea398dd8d644df3ed8092
2026-06-16,8AM,2026-06-16|Anguilla|8AM,2026-06-16 07:20:59,2026-06-16 08:21:18,03,46,38,03|46|38,1ra,2da,3ra,69|64|15,69|64|15|10|21|19|38|06|93|04|96|42,,0,1,0,,38,,,38:3ra,0,1,0,EDGE REAL,0.856972,2.401275,0.000736,12.187798,6079,1624,0,5e5163b6732fe8a6dc16345256b42afe
2026-06-16,9AM,2026-06-16|Anguilla|9AM,2026-06-16 08:21:01,2026-06-16 09:21:20,30,56,03,30|56|03,1ra,2da,3ra,41|00|71,41|00|71|52|59|96|51|54|20|38|33|17,,0,0,0,,,,,,0,0,0,NO JUGAR,0.686588,1.798575,0.00028,4.153152,6080,1635,1,fd561cd880a526f65f308c67a1ba77d7
2026-06-16,9PM,2026-06-16|Anguilla|9PM,2026-06-16 20:20:07,2026-06-16 23:44:05,03,49,59,03|49|59,1ra,2da,3ra,53|09|06,53|09|06|28|71|64|39|76|27|24|50|58,,0,0,0,,,,,,0,0,0,EDGE MODERADO,0.666731,2.040612,0.000671,5.040913,6091,1588,1,ee83001dfaea605aa97e6fbc5aca229b
2026-06-17,10AM,2026-06-17|Anguilla|10AM,2026-06-17 09:20:51,2026-06-17 10:21:13,40,32,72,40|32|72,1ra,2da,3ra,12|39|52,12|39|52|69|32|99|25|74|23|16|46|14,,0,1,0,,32,,,32:2da,0,1,0,EDGE REAL,0.75181,2.3983,0.000786,13.039853,6096,1676,1,ffa75373ab4962ae0ca4f1b3b47e18c5
2026-06-17,10PM,2026-06-17|Anguilla|10PM,2026-06-17 21:20:51,2026-06-17 22:21:11,81,14,52,81|14|52,1ra,2da,3ra,45|19|14,45|19|14|53|35|96|38|18|83|50|06|63,,1,1,0,14,14,,14:2da,14:2da,1,1,0,EDGE MODERADO,0.661748,2.141655,0.000487,7.759496,6108,1608,1,fefb0d72706847a6abcfa7b3d01b27f0
2026-06-17,11AM,2026-06-17|Anguilla|11AM,2026-06-17 10:20:56,2026-06-17 11:21:10,67,94,07,67|94|07,1ra,2da,3ra,82|32|06,82|32|06|29|59|87|76|93|77|26|54|56,,0,0,0,,,,,,0,0,0,NO JUGAR,0.59874,2.276132,0.000559,9.104828,6097,1601,1,8b84723380ec95e000bf4f2e028e301c
2026-06-17,12PM,2026-06-17|Anguilla|12PM,2026-06-17 11:20:53,2026-06-17 12:21:10,52,94,07,52|94|07,1ra,2da,3ra,64|88|20,64|88|20|52|03|96|55|86|59|38|28|29,,0,1,0,,52,,,52:1ra,0,1,0,EDGE MODERADO,0.81122,2.16501,0.000544,8.682982,6098,1610,1,f64f78decc0d3549b3e0904542da96f6
2026-06-17,1PM,2026-06-17|Anguilla|1PM,2026-06-17 12:20:52,2026-06-17 13:21:18,35,42,77,35|42|77,1ra,2da,3ra,32|57|13,32|57|13|20|92|64|00|62|27|69|02|03,,0,0,0,,,,,,0,0,0,NO JUGAR,0.620185,1.969325,0.000362,5.580956,6099,1641,1,c7b8fd8eeea4df2901ea6b2cacb91584
2026-06-17,2PM,2026-06-17|Anguilla|2PM,2026-06-17 13:20:58,2026-06-17 14:21:11,67,13,70,67|13|70,1ra,2da,3ra,27|53|34,27|53|34|30|77|96|58|91|95|90|50|64,,0,0,0,,,,,,0,0,0,EDGE REAL,0.818104,2.531201,0.000751,12.762549,6100,1676,1,e4b0858f608a4d5f231f8cd4a56143c9
2026-06-17,3PM,2026-06-17|Anguilla|3PM,2026-06-17 14:20:53,2026-06-17 15:21:11,50,69,01,50|69|01,1ra,2da,3ra,52|74|16,52|74|16|27|96|55|93|62|69|86|08|10,,0,1,0,,69,,,69:2da,0,1,0,EDGE MODERADO,0.661947,2.087596,0.000459,7.236658,6101,1686,1,fff9e591277634464b3471d1f5325f30
2026-06-17,4PM,2026-06-17|Anguilla|4PM,2026-06-17 15:20:53,2026-06-17 16:21:09,05,74,89,05|74|89,1ra,2da,3ra,00|08|41,00|08|41|83|44|80|19|05|66|92|77|62,,0,1,0,,05,,,05:1ra,0,1,0,NO JUGAR,0.647048,2.581554,0.000778,13.343354,6102,1647,1,5ea550436f0bb455b32db834395b39c3
2026-06-17,5PM,2026-06-17|Anguilla|5PM,2026-06-17 16:20:51,2026-06-17 18:21:11,45,92,35,45|92|35,1ra,2da,3ra,34|38|70,34|38|70|53|47|73|74|01|32|58|51|95,,0,0,0,,,,,,0,0,0,NO JUGAR,0.607957,2.40715,0.000572,9.553534,6103,1630,1,e0c3f7ffba2e26a33f82e35eab9be418
2026-06-17,7PM,2026-06-17|Anguilla|7PM,2026-06-17 18:20:53,2026-06-17 19:21:10,01,61,92,01|61|92,1ra,2da,3ra,42|82|16,42|82|16|96|78|36|88|09|33|95|49|03,,0,0,0,,,,,,0,0,0,EDGE REAL,0.745992,2.147929,0.000831,7.151164,6105,1620,1,5589a62a3ed7db0236bbb13f72771a5a
2026-06-17,8AM,2026-06-17|Anguilla|8AM,2026-06-17 07:20:51,2026-06-17 08:21:11,66,34,97,66|34|97,1ra,2da,3ra,39|36|67,39|36|67|74|91|80|77|66|09|02|15|83,,0,1,0,,66,,,66:1ra,0,1,0,EDGE MODERADO,0.813288,2.097092,0.000546,8.591744,6094,1636,0,deea913ba7edd2338175c4d7ec8b8a83
2026-06-17,8PM,2026-06-17|Anguilla|8PM,2026-06-17 19:20:51,2026-06-17 20:21:11,00,10,60,00|10|60,1ra,2da,3ra,42|19|69,42|19|69|17|40|88|73|54|83|05|34|71,,0,0,0,,,,,,0,0,0,NO JUGAR,0.631779,2.52071,0.000685,11.646343,6106,1592,1,d0c75ab4a579b87750fe8e12150f05ab
2026-06-17,9AM,2026-06-17|Anguilla|9AM,2026-06-17 08:20:53,2026-06-17 09:21:09,48,29,89,48|29|89,1ra,2da,3ra,48|27|25,48|27|25|72|13|66|04|20|08|74|89|62,,1,2,0,48,48|89,,48:1ra,48:1ra|89:3ra,1,1,0,NO JUGAR,0.717315,1.857665,0.000308,4.633079,6095,1653,1,080f28bd9141e0f227a00615820b46a9
2026-06-17,9PM,2026-06-17|Anguilla|9PM,2026-06-17 20:20:54,2026-06-17 21:21:12,33,04,44,33|04|44,1ra,2da,3ra,91|04|85,91|04|85|95|38|16|18|82|60|66|69|75,,1,1,0,04,04,,04:2da,04:2da,1,1,0,EDGE MODERADO,0.673551,2.339623,0.000591,9.757794,6107,1615,1,128f825259b8f3ff539c1899e3765ff0
2026-06-18,10AM,2026-06-18|Anguilla|10AM,2026-06-18 09:20:52,2026-06-18 10:21:12,17,27,15,17|27|15,1ra,2da,3ra,12|08|96,12|08|96|89|35|29|33|04|57|88|20|58,,0,0,0,,,,,,0,0,0,NO JUGAR,0.596697,2.238666,0.000538,8.730405,6111,1593,1,253658c38d0fa5f63642ccedbe347641
2026-06-18,10PM,2026-06-18|Anguilla|10PM,2026-06-18 21:20:51,2026-06-18 22:21:12,72,72,32,72|72|32,1ra,2da,3ra,45|37|06,45|37|06|02|00|44|07|75|49|67|31|57,,0,0,0,,,,,,0,0,0,EDGE REAL,0.747027,2.183427,0.000552,8.880301,6123,1625,1,dfd03d3dad37e86a7c3d90ba043716f4
2026-06-18,11AM,2026-06-18|Anguilla|11AM,2026-06-18 10:20:54,2026-06-18 11:21:13,35,93,43,35|93|43,1ra,2da,3ra,86|87|75,86|87|75|29|51|15|58|38|89|09|54|17,,0,0,0,,,,,,0,0,0,NO JUGAR,0.608661,2.300512,0.000472,7.750922,6112,1571,1,6451bc6e11239d3f8be3a611860b24fa
2026-06-18,12PM,2026-06-18|Anguilla|12PM,2026-06-18 11:20:54,2026-06-18 12:21:12,55,76,88,55|76|88,1ra,2da,3ra,30|02|27,30|02|27|38|48|79|01|60|49|55|14|15,,0,1,0,,55,,,55:1ra,0,1,0,NO JUGAR,0.660255,2.009413,0.000381,5.924526,6113,1551,1,434a8ab7f4899b6263c0b4263d17dee6
2026-06-18,1PM,2026-06-18|Anguilla|1PM,2026-06-18 12:20:54,2026-06-18 13:21:15,05,37,26,05|37|26,1ra,2da,3ra,80|97|14,80|97|14|89|10|17|45|62|71|77|07|02,,0,0,0,,,,,,0,0,0,EDGE REAL,0.831775,2.31226,0.000576,9.474841,6114,1609,1,803eb7a6693bf2f21fda51869936848c
2026-06-18,2PM,2026-06-18|Anguilla|2PM,2026-06-18 13:20:57,2026-06-18 14:21:09,69,85,17,69|85|17,1ra,2da,3ra,56|09|00,56|09|00|69|29|47|96|41|30|18|72|49,,0,1,0,,69,,,69:1ra,0,1,0,EDGE REAL,0.75947,2.377243,0.000663,11.018241,6115,1626,1,608f024b348ed00d03c803c7735fced6
2026-06-18,3PM,2026-06-18|Anguilla|3PM,2026-06-18 14:20:51,2026-06-18 15:21:12,07,53,63,07|53|63,1ra,2da,3ra,27|23|69,27|23|69|85|77|67|47|80|40|21|20|34,,0,0,0,,,,,,0,0,0,NO JUGAR,0.74044,2.111481,0.00043,6.82257,6116,1666,1,8b8eb4fa5e00ba29b8404433c3ddc06d
2026-06-18,4PM,2026-06-18|Anguilla|4PM,2026-06-18 15:20:53,2026-06-18 16:21:10,00,18,24,00|18|24,1ra,2da,3ra,44|70|83,44|70|83|28|38|79|74|52|61|98|07|64,,0,0,0,,,,,,0,0,0,EDGE MODERADO,0.66133,2.426349,0.000746,12.490364,6117,1621,1,dabc9921fd7c2776d0538b4f0156b174
2026-06-18,5PM,2026-06-18|Anguilla|5PM,2026-06-18 16:20:52,2026-06-18 17:21:11,04,19,41,04|19|41,1ra,2da,3ra,22|32|95,22|32|95|52|27|69|06|35|08|89|66|23,,0,0,0,,,,,,0,0,0,EDGE REAL,0.817598,2.727486,0.000719,12.671138,6118,1615,1,556b455c3b9a3912e5039c1bc229b5db
2026-06-18,6PM,2026-06-18|Anguilla|6PM,2026-06-18 17:20:53,2026-06-18 18:21:11,09,73,99,09|73|99,1ra,2da,3ra,18|70|29,18|70|29|45|86|32|14|92|22|52|65|96,,0,0,0,,,,,,0,0,0,EDGE REAL,0.766098,2.433324,0.000639,10.729088,6119,1592,1,d8116115534037358650704664dafcbc
2026-06-18,7PM,2026-06-18|Anguilla|7PM,2026-06-18 18:20:52,2026-06-18 19:21:10,16,21,14,16|21|14,1ra,2da,3ra,24|83|87,24|83|87|90|56|99|96|33|59|54|37|81,,0,0,0,,,,,,0,0,0,NO JUGAR,0.604879,2.11049,0.000389,6.177311,6120,1635,1,db598175dccc9485035b36fef663927b
2026-06-18,8AM,2026-06-18|Anguilla|8AM,2026-06-18 07:20:53,2026-06-18 08:21:12,82,24,56,82|24|56,1ra,2da,3ra,41|60|09,41|60|09|32|20|51|38|96|53|81|93|58,,0,0,0,,,,,,0,0,0,EDGE MODERADO,0.695084,2.349977,0.000753,12.408238,6109,1661,0,9fa05e492d80ca0ba6eb628d7b981db0
2026-06-18,8PM,2026-06-18|Anguilla|8PM,2026-06-18 19:20:52,2026-06-18 20:21:13,01,48,67,01|48|67,1ra,2da,3ra,48|41|77,48|41|77|84|60|50|06|30|31|52|74|53,,1,1,0,48,48,,48:2da,48:2da,1,1,0,EDGE REAL,0.764303,2.362148,0.000706,11.710115,6121,1617,1,38250551b0d9410edb058437e028b462
2026-06-18,9AM,2026-06-18|Anguilla|9AM,2026-06-18 08:20:54,2026-06-18 09:21:10,96,62,29,96|62|29,1ra,2da,3ra,77|34|48,77|34|48|95|81|05|99|78|76|32|57|96,,0,1,0,,96,,,96:1ra,0,1,0,NO JUGAR,0.666264,1.912483,0.000302,4.614099,6110,1625,1,706a0dc8dc114d5e95f32021e712507a
2026-06-18,9PM,2026-06-18|Anguilla|9PM,2026-06-18 20:20:55,2026-06-18 21:21:11,80,81,76,80|81|76,1ra,2da,3ra,84|03|46,84|03|46|52|32|77|19|28|41|76|05|10,,0,1,0,,76,,,76:3ra,0,1,0,EDGE MODERADO,0.733588,1.932754,0.000454,4.767936,6122,1626,1,4ba1cb4963add024aaccb5ef8439ef0a
2026-06-19,10PM,2026-06-19|Anguilla|10PM,2026-06-19 21:20:33,2026-06-19 22:20:43,76,78,78,76|78|78,1ra,2da,3ra,06|92|38,06|92|38|19|71|51|93|27|39|56|43|55,,0,0,0,,,,,,0,0,0,NO JUGAR,0.645674,2.236337,0.000534,8.702167,6138,1649,1,e8b3c0ce41780dc2280b2483b8008aff
2026-06-19,1PM,2026-06-19|Anguilla|1PM,2026-06-19 12:20:23,2026-06-19 13:20:41,65,15,22,65|15|22,1ra,2da,3ra,85|86|19,85|86|19|87|83|76|75|90|88|32|14|29,,0,0,0,,,,,,0,0,0,NO JUGAR,0.610584,1.866953,0.000252,3.830089,6129,1616,0,4cc75da121873b68c39d6d18df5bac4c
2026-06-19,2PM,2026-06-19|Anguilla|2PM,2026-06-19 13:20:23,2026-06-19 14:20:44,34,32,82,34|32|82,1ra,2da,3ra,51|38|43,51|38|43|88|91|20|41|89|06|52|53|07,,0,0,0,,,,,,0,0,0,EDGE MODERADO,0.688319,2.576713,0.000772,13.290151,6130,1678,1,1415109c50c049a7d0212c9d9b7cf94f
2026-06-19,3PM,2026-06-19|Anguilla|3PM,2026-06-19 14:20:25,2026-06-19 15:20:41,55,91,46,55|91|46,1ra,2da,3ra,26|89|15,26|89|15|20|13|81|35|64|72|92|51|43,,0,0,0,,,,,,0,0,0,EDGE MODERADO,0.790752,2.323308,0.00053,8.768633,6131,1582,1,401689e4bc0225ba4e59a985926ead65
2026-06-19,4PM,2026-06-19|Anguilla|4PM,2026-06-19 15:20:23,2026-06-19 16:20:44,46,39,53,46|39|53,1ra,2da,3ra,90|05|33,90|05|33|77|39|93|66|62|37|88|10|07,,0,1,0,,39,,,39:2da,0,1,0,EDGE REAL,0.900956,2.664928,0.000827,14.480496,6132,1609,1,7fa33a81e7dc1e694b69ac85da1f390b
2026-06-19,5PM,2026-06-19|Anguilla|5PM,2026-06-19 16:20:25,2026-06-19 17:20:40,65,74,70,65|74|70,1ra,2da,3ra,93|17|33,93|17|33|69|92|13|76|35|86|36|19|40,,0,0,0,,,,,,0,0,0,NO JUGAR,0.599915,2.235058,0.000396,6.467636,6133,1566,1,addaa50e2c1156fd0b345bfc2fe7c3df
2026-06-19,6PM,2026-06-19|Anguilla|6PM,2026-06-19 17:20:22,2026-06-19 18:20:43,42,97,75,42|97|75,1ra,2da,3ra,22|13|51,22|13|51|69|95|48|89|91|61|50|08|39,,0,0,0,,,,,,0,0,0,EDGE REAL,0.867796,2.70004,0.000704,12.398829,6134,1652,1,067292dd8c0b37a7a011aa43678506a3
2026-06-19,7PM,2026-06-19|Anguilla|7PM,2026-06-19 18:20:24,2026-06-19 19:20:43,87,55,26,87|55|26,1ra,2da,3ra,99|72|70,99|72|70|79|48|55|44|52|13|30|27|14,,0,1,0,,55,,,55:2da,0,1,0,EDGE REAL,0.838855,2.661401,0.001082,18.82052,6135,1635,1,cc283c2006aa50fa13f2fe1b61514a02
2026-06-19,8AM,2026-06-19|Anguilla|8AM,2026-06-18 22:20:55,2026-06-19 12:08:30,66,59,45,66|59|45,1ra,2da,3ra,29|77|30,29|77|30|54|03|61|26|34|94|20|59|65,,0,1,0,,59,,,59:2da,0,1,0,EDGE MODERADO,1.082113,2.09205,0.000505,6.651949,6124,1610,1,121679e71ae04899e9040d0cd1707d86
2026-06-19,8PM,2026-06-19|Anguilla|8PM,2026-06-19 19:20:25,2026-06-19 20:20:44,59,29,83,59|29|83,1ra,2da,3ra,19|36|16,19|36|16|96|97|78|77|20|74|45|18|69,,0,0,0,,,,,,0,0,0,EDGE MODERADO,0.759259,2.156697,0.00045,7.233581,6136,1684,1,02ae1f96d0b6f43679953c1c5852e074
2026-06-19,9PM,2026-06-19|Anguilla|9PM,2026-06-19 20:20:26,2026-06-19 21:20:52,20,90,38,20|90|38,1ra,2da,3ra,12|33|47,12|33|47|66|26|62|74|09|28|95|42|80,,0,0,0,,,,,,0,0,0,NO JUGAR,0.636124,2.223551,0.000528,8.577185,6137,1662,1,b1430f8eec9d9bfa73c882bf0466fc26
2026-06-20,10AM,2026-06-20|Anguilla|10AM,2026-06-20 09:20:26,2026-06-20 10:20:45,81,02,56,81|02|56,1ra,2da,3ra,02|10|71,02|10|71|86|01|28|60|44|79|40|80|47,,1,1,0,02,02,,02:2da,02:2da,1,1,0,EDGE REAL,0.946334,2.287577,0.000567,9.34947,6141,1606,1,caa8fac3801c51b1ad553a4d5bd2aad6
2026-06-20,10PM,2026-06-20|Anguilla|10PM,2026-06-20 21:20:23,2026-06-20 22:20:41,44,50,78,44|50|78,1ra,2da,3ra,47|54|09,47|54|09|14|45|20|10|85|67|50|56|97,,0,1,0,,50,,,50:2da,0,1,0,EDGE REAL,0.751134,2.342394,0.00075,12.465062,6153,1685,1,5991741bbc133064ab955e2af3f5bcdf
2026-06-20,11AM,2026-06-20|Anguilla|11AM,2026-06-20 10:20:27,2026-06-20 11:20:43,81,04,96,81|04|96,1ra,2da,3ra,06|90|22,06|90|22|95|84|05|09|32|12|76|08|49,,0,0,0,,,,,,0,0,0,NO JUGAR,0.649624,2.326295,0.000581,9.612169,6142,1592,1,8db0aedd6383eaae3043a00a638331bc
2026-06-20,12PM,2026-06-20|Anguilla|12PM,2026-06-20 11:20:25,2026-06-20 12:20:44,61,80,68,61|80|68,1ra,2da,3ra,09|58|14,09|58|14|84|05|19|21|00|68|35|47|88,,0,1,0,,68,,,68:3ra,0,1,0,EDGE REAL,0.767391,2.3872,0.000665,11.128415,6143,1571,1,917fb5b9442710b240853b258576eda7
2026-06-20,1PM,2026-06-20|Anguilla|1PM,2026-06-20 12:20:26,2026-06-20 13:20:49,43,05,23,43|05|23,1ra,2da,3ra,34|67|59,34|67|59|36|51|99|16|54|46|40|32|89,,0,0,0,,,,,,0,0,0,NO JUGAR,0.637882,2.514286,0.000618,10.586045,6144,1605,1,db57a4842788e08cc535749c56cd23f3
2026-06-20,2PM,2026-06-20|Anguilla|2PM,2026-06-20 13:20:31,2026-06-20 14:20:40,04,87,82,04|87|82,1ra,2da,3ra,14|74|85,14|74|85|95|03|91|13|48|82|75|77|17,,0,1,0,,82,,,82:3ra,0,1,0,NO JUGAR,0.669992,2.053467,0.000362,5.714204,6145,1594,1,f537c66b8a3f54b4cdafdcd43ea74744
2026-06-20,3PM,2026-06-20|Anguilla|3PM,2026-06-20 14:20:22,2026-06-20 15:20:44,66,34,43,66|34|43,1ra,2da,3ra,62|92|72,62|92|72|68|99|44|09|55|32|19|24|75,,0,0,0,,,,,,0,0,0,EDGE MODERADO,0.76952,2.286458,0.000512,8.426532,6146,1605,1,cc76ba7ef4496ad54d013278b147dc23
2026-06-20,4PM,2026-06-20|Anguilla|4PM,2026-06-20 15:20:27,2026-06-20 16:20:44,06,14,61,06|14|61,1ra,2da,3ra,62|13|72,62|13|72|82|90|08|99|19|51|41|01|07,,0,0,0,,,,,,0,0,0,NO JUGAR,0.789143,2.164098,0.000368,5.93576,6147,1585,1,6d87f0ff62a03cb9800d605c2577b61f
2026-06-20,5PM,2026-06-20|Anguilla|5PM,2026-06-20 16:20:26,2026-06-20 17:20:41,93,36,59,93|36|59,1ra,2da,3ra,78|53|83,78|53|83|48|69|32|44|04|97|56|54|14,,0,0,0,,,,,,0,0,0,NO JUGAR,0.64909,1.82145,0.000234,3.525999,6148,1563,1,12117b2552fbb37c365bd3150f91e28e
2026-06-20,6PM,2026-06-20|Anguilla|6PM,2026-06-20 17:20:23,2026-06-20 18:20:43,93,69,43,93|69|43,1ra,2da,3ra,74|94|75,74|94|75|32|76|38|85|52|87|60|69|09,,0,1,0,,69,,,69:2da,0,1,0,EDGE REAL,0.743831,2.423251,0.00063,10.621504,6149,1572,1,2423598827c05675ade70c6658703f41
2026-06-20,7PM,2026-06-20|Anguilla|7PM,2026-06-20 18:20:24,2026-06-20 19:20:43,10,68,29,10|68|29,1ra,2da,3ra,83|16|80,83|16|80|95|78|66|11|60|27|72|89|39,,0,0,0,,,,,,0,0,0,EDGE REAL,0.80206,2.349121,0.000598,9.98087,6150,1557,1,b88e9c202e1dd2308e83f72c59762b70
2026-06-20,8AM,2026-06-20|Anguilla|8AM,2026-06-20 07:20:26,2026-06-20 08:20:45,28,84,20,28|84|20,1ra,2da,3ra,02|79|28,02|79|28|14|29|25|07|69|56|05|45|15,,1,1,0,28,28,,28:1ra,28:1ra,1,1,0,EDGE REAL,0.798294,2.725719,0.001057,18.609678,6139,1651,0,11c7698977e527a5bac9482db23ab3e1
2026-06-20,8PM,2026-06-20|Anguilla|8PM,2026-06-20 19:20:25,2026-06-20 20:20:41,00,37,43,00|37|43,1ra,2da,3ra,74|69|24,74|69|24|80|32|12|04|96|89|09|56|14,,0,0,0,,,,,,0,0,0,NO JUGAR,0.698179,2.136101,0.000439,7.042548,6151,1611,1,d1144f40eb4caabde68a87380350c55c
2026-06-20,9AM,2026-06-20|Anguilla|9AM,2026-06-20 08:20:26,2026-06-20 09:20:44,08,53,25,08|53|25,1ra,2da,3ra,11|91|95,11|91|95|85|47|29|82|72|98|28|06|58,,0,0,0,,,,,,0,0,0,EDGE REAL,0.742017,2.420181,0.000629,10.581938,6140,1625,1,127a90cd4c852f00658ba5f22669954b
2026-06-20,9PM,2026-06-20|Anguilla|9PM,2026-06-20 20:20:22,2026-06-20 21:20:42,08,37,85,08|37|85,1ra,2da,3ra,82|06|60,82|06|60|93|14|89|41|10|53|56|29|74,,0,0,0,,,,,,0,0,0,EDGE MODERADO,0.709207,2.302395,0.00047,7.7719,6152,1622,1,b8ac15c3ff661ca60bc5b2aa9b5822dc
2026-06-21,10AM,2026-06-21|Anguilla|10AM,2026-06-21 09:20:23,2026-06-21 10:20:44,79,86,69,79|86|69,1ra,2da,3ra,41|56|54,41|56|54|73|82|47|25|35|68|79|00|76,,0,1,0,,79,,,79:1ra,0,1,0,EDGE REAL,0.749277,2.192178,0.001092,8.264895,6156,1616,1,df90b961e2293d52f9ddd9a9f1139d1b
2026-06-21,10PM,2026-06-21|Anguilla|10PM,2026-06-21 21:20:22,2026-06-21 22:20:41,00,39,51,00|39|51,1ra,2da,3ra,19|07|93,19|07|93|22|90|36|77|61|51|56|99|05,,0,1,0,,51,,,51:3ra,0,1,0,EDGE REAL,0.808929,2.316765,0.000573,9.515946,6168,1661,1,b62fc49d550c0a0eb23ff9f7a18cbadf
2026-06-21,11AM,2026-06-21|Anguilla|11AM,2026-06-21 10:20:25,2026-06-21 11:20:44,24,08,07,24|08|07,1ra,2da,3ra,94|82|45,94|82|45|20|57|49|62|25|88|68|73|56,,0,0,0,,,,,,0,0,0,EDGE MODERADO,0.825992,2.243941,0.000537,8.784752,6157,1577,1,8b4f5c449bbff65b5880058dcc6584da
2026-06-21,12PM,2026-06-21|Anguilla|12PM,2026-06-21 11:20:27,2026-06-21 12:20:45,09,78,94,09|78|94,1ra,2da,3ra,20|51|01,20|51|01|88|13|74|48|68|55|49|94|79,,0,1,0,,94,,,94:3ra,0,1,0,EDGE REAL,0.809961,2.546908,0.000692,11.917101,6158,1607,1,a1e1b5f0e90bb4fb29a9a120fe47e9c7
2026-06-21,1PM,2026-06-21|Anguilla|1PM,2026-06-21 12:20:26,2026-06-21 13:20:46,89,62,78,89|62|78,1ra,2da,3ra,53|88|39,53|88|39|20|71|29|27|76|15|91|09|08,,0,0,0,,,,,,0,0,0,EDGE MODERADO,0.753273,2.335343,0.000483,8.046692,6159,1642,1,dda356df5dde2a87bf0828e1ecaabaa8
2026-06-21,2PM,2026-06-21|Anguilla|2PM,2026-06-21 13:20:27,2026-06-21 14:20:46,38,55,31,38|55|31,1ra,2da,3ra,35|20|88,35|20|88|14|71|47|82|39|79|89|29|85,,0,0,0,,,,,,0,0,0,NO JUGAR,0.719587,1.959118,0.000353,5.489007,6160,1642,1,8c92c3b881503ac2dc1300f12d106ce8
2026-06-21,3PM,2026-06-21|Anguilla|3PM,2026-06-21 14:20:27,2026-06-21 15:20:42,05,12,97,05|12|97,1ra,2da,3ra,54|55|40,54|55|40|19|82|41|80|79|86|25|01|71,,0,0,0,,,,,,0,0,0,NO JUGAR,0.643281,1.771624,0.000909,5.768325,6161,1630,1,9230894c9327dceec71158ea40804bf9
2026-06-21,4PM,2026-06-21|Anguilla|4PM,2026-06-21 15:20:23,2026-06-21 17:20:42,04,15,60,04|15|60,1ra,2da,3ra,79|94|86,79|94|86|13|25|65|78|49|73|80|55|08,,0,0,0,,,,,,0,0,0,EDGE MODERADO,0.773754,2.24549,0.000537,8.78984,6162,1588,1,69196180eb2b87aa8d4b03ecdd49576c
2026-06-21,5PM,2026-06-21|Anguilla|5PM,2026-06-21 16:20:23,2026-06-21 17:20:42,97,12,79,97|12|79,1ra,2da,3ra,79|94|86,79|94|86|13|25|65|78|49|73|80|55|08,,1,1,0,79,79,,79:3ra,79:3ra,1,1,0,EDGE MODERADO,0.773754,2.24549,0.000537,8.78984,6162,1588,1,7e20ba6b2d32645d62f3dd969c5db24d
2026-06-21,6PM,2026-06-21|Anguilla|6PM,2026-06-21 17:20:23,2026-06-21 18:20:41,99,43,92,99|43|92,1ra,2da,3ra,94|49|99,94|49|99|45|81|88|07|48|76|87|85|62,,1,1,0,99,99,,99:1ra,99:1ra,1,1,0,NO JUGAR,0.649528,1.87646,0.000313,4.792478,6164,1604,1,2c62ce16f3c7bec59c32c0bf017d9f21
2026-06-21,7PM,2026-06-21|Anguilla|7PM,2026-06-21 18:20:23,2026-06-21 19:20:44,77,65,43,77|65|43,1ra,2da,3ra,14|48|26,14|48|26|82|88|42|05|65|97|10|33|41,,0,1,0,,65,,,65:2da,0,1,0,NO JUGAR,0.810602,2.024763,0.000348,5.487888,6165,1599,1,c24c756e5bc210046536e05c88a76082
2026-06-21,8AM,2026-06-21|Anguilla|8AM,2026-06-21 07:20:27,2026-06-21 09:20:41,56,86,31,56|86|31,1ra,2da,3ra,28|08|14,28|08|14|41|36|07|00|09|06|82|31|96,,0,1,0,,31,,,31:3ra,0,1,0,EDGE MODERADO,0.654169,2.043716,0.000532,6.223155,6154,1677,0,bcf10cba97214420d1676c1d8318f951
2026-06-21,8PM,2026-06-21|Anguilla|8PM,2026-06-21 19:20:26,2026-06-21 20:20:44,54,41,82,54|41|82,1ra,2da,3ra,77|82|54,77|82|54|87|04|13|53|60|64|49|39|88,,2,2,0,82|54,82|54,,82:3ra|54:1ra,82:3ra|54:1ra,1,1,0,EDGE REAL,0.717873,2.258726,0.000925,10.46543,6166,1629,1,21a439e4cde68bfb2b6351b225b2426d
2026-06-21,9AM,2026-06-21|Anguilla|9AM,2026-06-21 08:20:25,2026-06-21 09:20:41,89,71,80,89|71|80,1ra,2da,3ra,28|08|14,28|08|14|41|36|07|00|09|06|82|31|96,,0,0,0,,,,,,0,0,0,EDGE MODERADO,0.654169,2.043716,0.000532,6.223155,6154,1677,1,f204ad0d7af7321195d5b32d9e756cb5
2026-06-21,9PM,2026-06-21|Anguilla|9PM,2026-06-21 20:20:26,2026-06-21 21:20:41,22,79,64,22|79|64,1ra,2da,3ra,64|32|38,64|32|38|04|52|99|72|98|24|74|08|00,,1,1,0,64,64,,64:3ra,64:3ra,1,1,0,NO JUGAR,0.639794,2.068908,0.000481,7.613631,6167,1656,1,800a211b8f334f0ce4843eaa821e5b22
2026-06-22,10AM,2026-06-22|Anguilla|10AM,2026-06-22 09:20:27,2026-06-22 10:20:43,40,20,13,40|20|13,1ra,2da,3ra,41|00|36,41|00|36|42|81|18|45|30|11|63|56|22,,0,0,0,,,,,,0,0,0,NO JUGAR,0.599482,1.680556,0.000293,2.932138,6171,1705,1,791d595e93124ea31504132f26d99fd0
2026-06-22,10PM,2026-06-22|Anguilla|10PM,2026-06-22 21:20:54,2026-06-22 22:21:12,80,79,46,80|79|46,1ra,2da,3ra,05|29|99,05|29|99|33|72|25|41|57|51|54|63|74,,0,0,0,,,,,,0,0,0,EDGE REAL,0.734273,2.277767,0.000558,9.242699,6183,1727,1,69566028fe71504cde7f3c36c78e0e49
2026-06-22,11AM,2026-06-22|Anguilla|11AM,2026-06-22 10:20:25,2026-06-22 11:20:48,05,47,87,05|47|87,1ra,2da,3ra,42|26|51,42|26|51|89|57|05|20|21|41|61|58|92,,0,1,0,,05,,,05:1ra,0,1,0,NO JUGAR,0.627386,2.222809,0.000527,8.562448,6172,1687,1,d939215f50d73123b25fa74f07a3008e
2026-06-22,12PM,2026-06-22|Anguilla|12PM,2026-06-22 11:20:30,2026-06-22 12:20:45,80,39,27,80|39|27,1ra,2da,3ra,72|95|26,72|95|26|42|15|12|64|62|02|04|96|54,,0,0,0,,,,,,0,0,0,NO JUGAR,0.64914,2.338257,0.000584,9.733484,6173,1691,1,554f1f016d64e5949d87b108f1ef7faf
2026-06-22,1PM,2026-06-22|Anguilla|1PM,2026-06-22 12:20:27,2026-06-22 13:20:43,08,07,87,08|07|87,1ra,2da,3ra,29|72|61,29|72|61|23|27|71|06|10|17|12|51|64,,0,0,0,,,,,,0,0,0,NO JUGAR,0.600671,1.854388,0.000293,4.44661,6174,1686,1,37bb7f3d16c0fe87596411d7c6e92f8f
2026-06-22,2PM,2026-06-22|Anguilla|2PM,2026-06-22 13:20:25,2026-06-22 14:20:47,74,75,46,74|75|46,1ra,2da,3ra,20|25|62,20|25|62|83|19|92|53|38|56|76|06|60,,0,0,0,,,,,,0,0,0,EDGE MODERADO,0.77953,1.916511,0.000485,4.646949,6175,1703,1,1078820e793f8d717b2cd68bfdf73790
2026-06-22,3PM,2026-06-22|Anguilla|3PM,2026-06-22 14:20:28,2026-06-22 15:20:46,00,45,91,00|45|91,1ra,2da,3ra,99|27|12,99|27|12|57|52|62|81|24|59|13|42|72,,0,0,0,,,,,,0,0,0,EDGE MODERADO,0.652055,2.652318,0.001068,18.677038,6176,1680,1,a4080ec8000cc96b836a5f3d1ad90023
2026-06-22,4PM,2026-06-22|Anguilla|4PM,2026-06-22 15:20:27,2026-06-22 16:20:44,95,38,38,95|38|38,1ra,2da,3ra,47|72|39,47|72|39|48|88|25|50|16|42|71|36|05,,0,0,0,,,,,,0,0,0,EDGE REAL,0.799128,2.299947,0.000669,11.089158,6177,1686,1,9220685ab7036013925a509d266952cd
2026-06-22,5PM,2026-06-22|Anguilla|5PM,2026-06-22 16:20:26,2026-06-22 17:20:41,56,84,75,56|84|75,1ra,2da,3ra,71|55|41,71|55|41|26|96|54|84|92|28|45|60|42,,0,1,0,,84,,,84:2da,0,1,0,EDGE MODERADO,0.777247,2.286147,0.000508,8.419608,6178,1656,1,60193b2810d45e76d7f327ca51811789
2026-06-22,6PM,2026-06-22|Anguilla|6PM,2026-06-22 17:20:23,2026-06-22 18:21:10,77,89,70,77|89|70,1ra,2da,3ra,37|86|36,37|86|36|28|11|98|72|05|90|38|25|13,,0,0,0,,,,,,0,0,0,NO JUGAR,0.699354,1.930937,0.000339,5.249139,6179,1677,1,eadf94cf6841023d54b82580f029195b
2026-06-22,7PM,2026-06-22|Anguilla|7PM,2026-06-22 18:20:51,2026-06-22 19:21:07,09,57,15,09|57|15,1ra,2da,3ra,13|58|32,13|58|32|28|79|47|07|35|29|42|54|44,,0,0,0,,,,,,0,0,0,NO JUGAR,0.778426,2.043651,0.000393,6.219162,6180,1684,1,d02227b1c821b30e29d1788e70a3dc05
2026-06-22,8AM,2026-06-22|Anguilla|8AM,2026-06-22 07:20:25,2026-06-22 08:20:43,39,30,60,39|30|60,1ra,2da,3ra,91|44|63,91|44|63|06|04|89|70|74|08|60|46|01,,0,1,0,,60,,,60:3ra,0,1,0,EDGE REAL,0.852393,2.238795,0.000565,9.202532,6169,1655,0,798f05e4d78b6d6731d7047a30745641
2026-06-22,8PM,2026-06-22|Anguilla|8PM,2026-06-22 19:20:49,2026-06-22 20:21:12,56,10,30,56|10|30,1ra,2da,3ra,52|88|15,52|88|15|70|04|43|08|44|84|97|39|17,,0,0,0,,,,,,0,0,0,NO JUGAR,0.60281,1.933096,0.000404,6.255497,6181,1735,1,959e44657b81e9f89c1db0aca08802e0
2026-06-22,9AM,2026-06-22|Anguilla|9AM,2026-06-22 08:20:24,2026-06-22 09:20:45,26,57,06,26|57|06,1ra,2da,3ra,90|21|53,90|21|53|04|22|86|29|79|91|01|36|54,,0,0,0,,,,,,0,0,0,EDGE REAL,0.742177,2.650694,0.000867,14.309909,6170,1666,1,3c0b0b8023e0269c83c7af3a1ec56ab9
2026-06-22,9PM,2026-06-22|Anguilla|9PM,2026-06-22 20:20:54,2026-06-22 21:21:14,64,13,75,64|13|75,1ra,2da,3ra,21|24|29,21|24|29|85|49|01|19|48|28|90|68|02,,0,0,0,,,,,,0,0,0,EDGE MODERADO,0.689877,1.874159,0.000459,4.772301,6182,1728,1,c34d78394997fc2665dffba2869ff7c1
2026-06-23,10AM,2026-06-23|Anguilla|10AM,2026-06-23 09:20:52,2026-06-23 10:21:14,26,60,21,26|60|21,1ra,2da,3ra,18|68|94,18|68|94|48|53|45|39|19|75|35|13|88,,0,0,0,,,,,,0,0,0,EDGE REAL,0.740178,2.401397,0.000615,10.393103,6186,1610,1,e11802451e0cd553756a4477e0d5db37
2026-06-23,10PM,2026-06-23|Anguilla|10PM,2026-06-23 21:20:57,2026-06-23 22:21:18,89,15,36,89|15|36,1ra,2da,3ra,52|41|08,52|41|08|94|20|05|12|82|42|38|14|13,,0,0,0,,,,,,0,0,0,NO JUGAR,0.696183,1.871898,0.000379,5.642763,6198,1718,1,7581b5e61bbe20ed202fd11302ec7c99
2026-06-23,11AM,2026-06-23|Anguilla|11AM,2026-06-23 10:20:57,2026-06-23 11:21:10,08,27,70,08|27|70,1ra,2da,3ra,56|69|78,56|69|78|04|48|62|92|21|49|99|09|52,,0,0,0,,,,,,0,0,0,NO JUGAR,0.621918,2.316161,0.000621,10.332515,6187,1626,1,391a91665351883cd502ee59288a7ead
2026-06-23,12PM,2026-06-23|Anguilla|12PM,2026-06-23 11:20:53,2026-06-23 12:22:27,84,81,83,84|81|83,1ra,2da,3ra,42|95|10,42|95|10|14|96|94|58|36|34|81|98|45,,0,1,0,,81,,,81:2da,0,1,0,EDGE MODERADO,0.686265,1.830168,0.000458,3.92361,6188,1664,1,ebaad16885c46e692a08db2fe4e6bc86
2026-06-23,1PM,2026-06-23|Anguilla|1PM,2026-06-23 12:22:08,2026-06-23 13:23:08,09,39,06,09|39|06,1ra,2da,3ra,09|77|42,09|77|42|08|07|44|79|06|38|41|98|91,,1,2,0,09,09|06,,09:1ra,09:1ra|06:3ra,1,1,0,EDGE REAL,0.758941,2.400233,0.000721,12.162598,6189,1676,1,ba08593278a64d6b517dc145475d973f
2026-06-23,2PM,2026-06-23|Anguilla|2PM,2026-06-23 13:22:50,2026-06-23 14:21:11,38,51,05,38|51|05,1ra,2da,3ra,21|97|13,21|97|13|63|19|22|80|83|01|17|91|71,,0,0,0,,,,,,0,0,0,NO JUGAR,0.549159,1.838084,0.000963,6.143145,6190,1680,1,5f78ed1e5cd4a16da130496823ddba5d
2026-06-23,3PM,2026-06-23|Anguilla|3PM,2026-06-23 14:20:53,2026-06-23 15:21:09,24,83,04,24|83|04,1ra,2da,3ra,78|91|71,78|91|71|08|20|51|69|15|47|57|55|67,,0,0,0,,,,,,0,0,0,NO JUGAR,0.731548,1.869941,0.00028,4.289306,6191,1657,1,44c1e79c20bdb85d66e5d7df141a8a1d
2026-06-23,4PM,2026-06-23|Anguilla|4PM,2026-06-23 15:20:51,2026-06-23 16:35:26,93,24,79,93|24|79,1ra,2da,3ra,87|72|25,87|72|25|95|11|45|61|16|22|86|92|12,,0,0,0,,,,,,0,0,0,NO JUGAR,0.640322,1.944113,0.000377,5.857754,6192,1651,1,71d90edaed4ed15e6cb1ccd05b6341dc
2026-06-23,5PM,2026-06-23|Anguilla|5PM,2026-06-23 16:35:03,2026-06-23 17:21:14,72,94,82,72|94|82,1ra,2da,3ra,12|94|22,12|94|22|99|29|70|71|89|23|09|35|67,,1,1,0,94,94,,94:2da,94:2da,1,1,0,NO JUGAR,0.710639,2.079457,0.000409,6.5347,6193,1615,1,5a18e582ae13c1b8d5d8ef2389d5d67d
2026-06-23,6PM,2026-06-23|Anguilla|6PM,2026-06-23 17:20:56,2026-06-23 18:21:16,56,78,05,56|78|05,1ra,2da,3ra,77|89|99,77|89|99|14|29|35|48|20|57|88|74|13,,0,0,0,,,,,,0,0,0,NO JUGAR,0.649624,2.13292,0.000476,7.674397,6194,1616,1,2b825b4577f7ee38650f0988ee2d28fe
2026-06-23,7PM,2026-06-23|Anguilla|7PM,2026-06-23 18:20:58,2026-06-23 19:21:36,41,60,74,41|60|74,1ra,2da,3ra,54|05|85,54|05|85|20|29|82|28|53|95|62|34|60,,0,1,0,,60,,,60:2da,0,1,0,NO JUGAR,0.639723,1.981535,0.000868,5.67522,6195,1643,1,2073b0b92fc4cb71d2496db8f4b45932
2026-06-23,8AM,2026-06-23|Anguilla|8AM,2026-06-23 07:20:56,2026-06-23 09:21:10,48,49,84,48|49|84,1ra,2da,3ra,12|64|22,12|64|22|05|15|88|26|61|82|49|92|70,,0,1,0,,49,,,49:2da,0,1,0,NO JUGAR,0.732329,2.076435,0.000408,6.511118,6184,1692,0,e2a27422a693e411b6bfc2bbe6262302
2026-06-23,8PM,2026-06-23|Anguilla|8PM,2026-06-23 19:21:18,2026-06-23 20:21:15,71,87,70,71|87|70,1ra,2da,3ra,29|19|89,29|19|89|24|76|30|31|53|91|20|58|27,,0,0,0,,,,,,0,0,0,NO JUGAR,0.619316,2.060525,0.000438,6.964693,6196,1689,1,89e24a1d7427a06c18d8a79320d29fa1
2026-06-23,9AM,2026-06-23|Anguilla|9AM,2026-06-23 08:20:52,2026-06-23 09:21:10,89,90,04,89|90|04,1ra,2da,3ra,12|64|22,12|64|22|05|15|88|26|61|82|49|92|70,,0,0,0,,,,,,0,0,0,NO JUGAR,0.732329,2.076435,0.000408,6.511118,6184,1692,1,de4913f7f2ef37b7283f13a87b55f1cf
2026-06-23,9PM,2026-06-23|Anguilla|9PM,2026-06-23 20:20:57,2026-06-23 21:21:17,18,50,56,18|50|56,1ra,2da,3ra,44|98|41,44|98|41|68|47|82|72|42|19|96|16|02,,0,0,0,,,,,,0,0,0,EDGE MODERADO,0.800674,1.891636,0.000465,4.915108,6197,1705,1,05b1ac5adf5a83e68533ca1758b0e3ca
2026-06-24,10AM,2026-06-24|Anguilla|10AM,2026-06-24 09:20:34,2026-06-24 10:20:48,30,51,84,30|51|84,1ra,2da,3ra,49|64|18,49|64|18|88|33|68|76|35|53|02|62|37,,0,0,0,,,,,,0,0,0,NO JUGAR,0.637252,2.083669,0.000749,5.95604,6201,1663,1,ba8ce255b73ba3adfd4a0affb9bbe104
2026-06-24,10PM,2026-06-24|Anguilla|10PM,2026-06-24 21:20:56,2026-06-24 22:21:13,31,70,57,31|70|57,1ra,2da,3ra,26|29|95,26|29|95|64|82|22|89|21|32|48|27|62,,0,0,0,,,,,,0,0,0,EDGE MODERADO,0.670498,2.301111,0.00061,10.164329,6213,1718,1,eca3635d5a7ae4d0ebde59a26bf63530
2026-06-24,11AM,2026-06-24|Anguilla|11AM,2026-06-24 10:20:30,2026-06-24 11:20:55,96,73,67,96|73|67,1ra,2da,3ra,96|77|98,96|77|98|24|47|02|93|33|44|15|16|07,,1,1,0,96,96,,96:1ra,96:1ra,1,1,0,EDGE MODERADO,0.763175,2.060465,0.00075,5.768701,6202,1669,1,8cc51b894c10d67705d59269b9348968
2026-06-24,12PM,2026-06-24|Anguilla|12PM,2026-06-24 11:20:37,2026-06-24 12:20:52,33,64,42,33|64|42,1ra,2da,3ra,15|01|17,15|01|17|22|91|33|71|37|21|85|28|05,,0,1,0,,33,,,33:1ra,0,1,0,NO JUGAR,0.638975,1.903929,0.000294,4.545745,6203,1607,1,ccf95e1565b479d848e1c6b480720d5c
2026-06-24,1PM,2026-06-24|Anguilla|1PM,2026-06-24 12:20:34,2026-06-24 13:21:46,92,88,29,92|88|29,1ra,2da,3ra,54|29|41,54|29|41|22|90|35|84|93|23|30|58|86,,1,1,0,29,29,,29:3ra,29:3ra,1,1,0,NO JUGAR,0.632166,1.920743,0.000301,4.679124,6204,1621,1,4917a999c3cef65ff63b26bbfc2684b2
2026-06-24,2PM,2026-06-24|Anguilla|2PM,2026-06-24 13:21:28,2026-06-24 14:21:14,29,25,29,29|25|29,1ra,2da,3ra,65|53|84,65|53|84|81|17|14|42|03|12|18|60|27,,0,0,0,,,,,,0,0,0,NO JUGAR,0.621695,1.89613,0.000342,5.269079,6205,1615,1,a8c1f21268753b6e4ced2dd4781b96e4
2026-06-24,3PM,2026-06-24|Anguilla|3PM,2026-06-24 14:20:55,2026-06-24 15:21:14,98,40,40,98|40|40,1ra,2da,3ra,42|87|66,42|87|66|80|82|04|47|12|92|06|43|74,,0,0,0,,,,,,0,0,0,EDGE MODERADO,0.826541,1.94077,0.000898,5.737662,6206,1644,1,479aa6a54e652e7678d4b708b29bfe33
2026-06-24,4PM,2026-06-24|Anguilla|4PM,2026-06-24 15:20:56,2026-06-24 16:21:17,77,22,54,77|22|54,1ra,2da,3ra,96|71|06,96|71|06|56|57|58|38|93|25|53|09|24,,0,0,0,,,,,,0,0,0,EDGE REAL,0.807117,2.650125,0.000801,14.136071,6207,1628,1,19267989a4765908f869a145b431b549
2026-06-24,5PM,2026-06-24|Anguilla|5PM,2026-06-24 16:20:59,2026-06-24 17:21:17,33,64,03,33|64|03,1ra,2da,3ra,38|55|96,38|55|96|04|51|23|50|42|64|76|58|75,,0,1,0,,64,,,64:2da,0,1,0,NO JUGAR,0.833618,2.028758,0.000384,6.084783,6208,1648,1,b215602263ce0879ed35e8539b418bf0
2026-06-24,6PM,2026-06-24|Anguilla|6PM,2026-06-24 17:20:58,2026-06-24 18:21:17,54,10,00,54|10|00,1ra,2da,3ra,07|18|50,07|18|50|23|34|96|03|55|17|70|68|93,,0,0,0,,,,,,0,0,0,NO JUGAR,0.934515,1.986013,0.000363,5.71619,6209,1668,1,bb84b6ae1998db85d46e164d6d8499a5
2026-06-24,7PM,2026-06-24|Anguilla|7PM,2026-06-24 18:20:59,2026-06-24 19:21:15,47,05,66,47|05|66,1ra,2da,3ra,60|24|04,60|24|04|63|69|18|81|08|06|74|96|57,,0,0,0,,,,,,0,0,0,EDGE MODERADO,0.744261,2.146446,0.000523,8.478349,6210,1704,1,dbc5f8a8e2c46889ffddbfd27ac2cd2e
2026-06-24,8AM,2026-06-24|Anguilla|8AM,2026-06-24 07:20:35,2026-06-24 08:20:52,65,77,98,65|77|98,1ra,2da,3ra,19|29|01,19|29|01|32|47|61|74|70|38|68|51|43,,0,0,0,,,,,,0,0,0,EDGE REAL,0.726689,2.535378,0.000741,12.803039,6199,1680,0,695676855c592192d4f6f23ffd2c014a
2026-06-24,8PM,2026-06-24|Anguilla|8PM,2026-06-24 19:20:57,2026-06-24 20:21:13,53,57,96,53|57|96,1ra,2da,3ra,60|36|84,60|36|84|27|76|06|48|94|08|83|41|74,,0,0,0,,,,,,0,0,0,EDGE MODERADO,0.73905,1.960904,0.000592,6.016868,6211,1728,1,6d9eed5940e1b44533aca74623d0882e
2026-06-24,9AM,2026-06-24|Anguilla|9AM,2026-06-24 08:20:33,2026-06-24 09:20:51,55,19,27,55|19|27,1ra,2da,3ra,25|88|82,25|88|82|45|74|54|68|40|89|96|72|51,,0,0,0,,,,,,0,0,0,EDGE MODERADO,0.681765,2.271617,0.000547,9.052433,6200,1702,1,2f72ad6c5011ae701371d557d85b8430
2026-06-24,9PM,2026-06-24|Anguilla|9PM,2026-06-24 20:20:55,2026-06-24 21:21:16,47,99,77,47|99|77,1ra,2da,3ra,39|20|27,39|20|27|54|07|66|17|47|72|63|41|12,,0,1,0,,47,,,47:1ra,0,1,0,NO JUGAR,0.609587,2.059944,0.000502,7.981674,6212,1694,1,5e4efb9bcf041cc3cb119a3eba91653a
2026-06-25,10PM,2026-06-25|Anguilla|10PM,2026-06-25 21:20:36,2026-06-25 22:20:55,02,15,55,02|15|55,1ra,2da,3ra,16|70|72,16|70|72|82|28|37|61|57|56|22|73|18,,0,0,0,,,,,,0,0,0,NO JUGAR,0.637303,2.130542,0.000391,6.337047,6228,1691,1,e34e8367c141602b461d8a6d6ce05658
2026-06-25,12PM,2026-06-25|Anguilla|12PM,2026-06-25 11:35:06,2026-06-25 12:20:56,71,18,82,71|18|82,1ra,2da,3ra,91|92|78,91|92|78|75|39|90|54|38|87|76|35|27,,0,0,0,,,,,,0,0,0,NO JUGAR,0.638529,2.071573,0.000442,7.071131,6218,1633,1,e7cc3328bff51ce03d24cfd917cf26be
2026-06-25,1PM,2026-06-25|Anguilla|1PM,2026-06-25 12:20:37,2026-06-25 13:21:11,84,62,73,84|62|73,1ra,2da,3ra,69|90|22,69|90|22|41|99|74|14|38|57|00|53|24,,0,0,0,,,,,,0,0,0,NO JUGAR,0.650475,1.946977,0.000344,5.378516,6219,1596,1,33755e458fb77ff1a91b74b8323f02e5
2026-06-25,2PM,2026-06-25|Anguilla|2PM,2026-06-25 13:20:52,2026-06-25 14:20:54,20,60,11,20|60|11,1ra,2da,3ra,66|59|20,66|59|20|40|62|39|10|14|11|93|22|58,,1,2,0,20,20|11,,20:1ra,20:1ra|11:3ra,1,1,0,EDGE MODERADO,0.665741,2.182456,0.000499,8.157467,6220,1578,1,115aaa477aad3622fe120612850784c5
2026-06-25,3PM,2026-06-25|Anguilla|3PM,2026-06-25 14:20:36,2026-06-25 15:20:54,76,11,80,76|11|80,1ra,2da,3ra,86|13|95,86|13|95|09|87|91|40|18|41|51|26|01,,0,0,0,,,,,,0,0,0,NO JUGAR,0.630522,2.244552,0.000439,7.27655,6221,1591,1,5a76bf14f705d974dbfb7a45315be756
2026-06-25,4PM,2026-06-25|Anguilla|4PM,2026-06-25 15:20:36,2026-06-25 16:20:57,17,78,24,17|78|24,1ra,2da,3ra,02|45|07,02|45|07|47|15|80|84|44|16|61|78|72,,0,1,0,,78,,,78:2da,0,1,0,EDGE REAL,0.729769,2.733668,0.001048,18.717265,6222,1636,1,6b66b3949c7ff9e494a99b0828dc929c
2026-06-25,5PM,2026-06-25|Anguilla|5PM,2026-06-25 16:20:37,2026-06-25 17:20:58,21,46,09,21|46|09,1ra,2da,3ra,79|94|29,79|94|29|09|83|91|08|61|26|38|62|57,,0,1,0,,09,,,09:3ra,0,1,0,EDGE MODERADO,0.69384,2.377005,0.000651,11.009284,6223,1674,1,f2af911b3c614e73a0aa33ee5330ca50
2026-06-25,6PM,2026-06-25|Anguilla|6PM,2026-06-25 17:20:38,2026-06-25 18:20:59,58,79,81,58|79|81,1ra,2da,3ra,12|46|48,12|46|48|22|83|67|19|71|55|00|61|57,,0,0,0,,,,,,0,0,0,NO JUGAR,0.660437,2.055606,0.000395,6.322811,6224,1679,1,178a4034120f9d9db753890f0a562889
2026-06-25,7PM,2026-06-25|Anguilla|7PM,2026-06-25 18:20:41,2026-06-25 19:20:58,37,84,50,37|84|50,1ra,2da,3ra,56|49|42,56|49|42|10|57|54|09|94|95|13|76|20,,0,0,0,,,,,,0,0,0,EDGE REAL,0.718758,2.223214,0.000611,10.047289,6225,1673,1,4a3444c5bac398162f93f57d5cfc6e3c
2026-06-25,8AM,2026-06-25|Anguilla|8AM,2026-06-24 22:20:55,2026-06-25 11:35:26,00,17,60,00|17|60,1ra,2da,3ra,77|55|10,77|55|10|52|67|76|39|95|42|72|70|08,,0,0,0,,,,,,0,0,0,NO JUGAR,0.611149,2.219569,0.000609,10.0009,6214,1717,1,f88305b0e6b0395d282b3267141b1196
2026-06-25,8PM,2026-06-25|Anguilla|8PM,2026-06-25 19:20:39,2026-06-25 20:20:56,47,97,17,47|97|17,1ra,2da,3ra,66|46|09,66|46|09|81|03|99|82|32|23|16|94|45,,0,0,0,,,,,,0,0,0,NO JUGAR,0.629074,1.881483,0.000312,4.829898,6226,1697,1,62787f58f52a4c2b1e8425134f0c4eee
2026-06-25,9PM,2026-06-25|Anguilla|9PM,2026-06-25 20:20:38,2026-06-25 21:20:55,84,69,79,84|69|79,1ra,2da,3ra,08|80|31,08|80|31|27|86|33|01|96|15|54|91|34,,0,0,0,,,,,,0,0,0,EDGE REAL,0.842553,2.746398,0.000986,17.672695,6227,1704,1,fffcc7ef6c1f8b7c1bcbf5696a614db5
2026-06-26,10AM,2026-06-26|Anguilla|10AM,2026-06-26 09:20:35,2026-06-26 10:20:56,87,14,85,87|14|85,1ra,2da,3ra,49|09|22,49|09|22|44|81|69|05|33|15|53|51|48,,0,0,0,,,,,,0,0,0,NO JUGAR,0.657699,2.163542,0.000404,6.610603,6231,1666,1,067360db77bee6952603868aacdb40a2
2026-06-26,10PM,2026-06-26|Anguilla|10PM,2026-06-26 21:20:38,2026-06-27 07:20:47,20,65,82,20|65|82,1ra,2da,3ra,77|13|01,77|13|01|25|37|24|75|76|79|06|19|53,,0,0,0,,,,,,0,0,0,EDGE MODERADO,0.68405,2.207567,0.000599,9.858573,6243,1629,1,a470d6873d92f9e2f4bde38505bfac59
2026-06-26,11AM,2026-06-26|Anguilla|11AM,2026-06-26 10:20:37,2026-06-26 11:20:55,66,20,77,66|20|77,1ra,2da,3ra,47|34|72,47|34|72|06|74|32|21|50|23|16|42|65,,0,0,0,,,,,,0,0,0,EDGE MODERADO,0.697484,2.254766,0.000588,9.7721,6232,1668,1,f756053e315acf7aacd9ef9e4fb2df56
2026-06-26,12PM,2026-06-26|Anguilla|12PM,2026-06-26 11:20:36,2026-06-26 12:20:58,26,79,52,26|79|52,1ra,2da,3ra,08|96|78,08|96|78|27|64|62|20|72|61|36|73|59,,0,0,0,,,,,,0,0,0,NO JUGAR,0.575505,2.733772,0.000977,17.500334,6233,1678,1,6e1b49d14de05617d16b5b5873c96bd2
2026-06-26,1PM,2026-06-26|Anguilla|1PM,2026-06-26 12:20:40,2026-06-26 13:20:59,49,30,66,49|30|66,1ra,2da,3ra,56|32|52,56|32|52|19|02|57|94|49|69|35|89|27,,0,1,0,,49,,,49:1ra,0,1,0,EDGE REAL,0.781098,2.284418,0.000598,9.978755,6234,1717,1,1ff762d0cb277a82095a9f651c7ba3fb
2026-06-26,2PM,2026-06-26|Anguilla|2PM,2026-06-26 13:20:41,2026-06-26 14:20:52,02,80,14,02|80|14,1ra,2da,3ra,90|06|91,90|06|91|34|21|74|32|02|19|38|60|56,,0,1,0,,02,,,02:1ra,0,1,0,EDGE MODERADO,0.685205,1.924442,0.000868,5.573521,6235,1701,1,00335a7b3f280bfad8c43d5a206a6f3d
2026-06-26,3PM,2026-06-26|Anguilla|3PM,2026-06-26 14:20:34,2026-06-26 15:20:54,18,06,18,18|06|18,1ra,2da,3ra,18|39|74,18|39|74|40|68|69|97|54|84|50|60|33,,1,1,0,18,18,,18:3ra,18:3ra,1,1,0,NO JUGAR,0.625626,2.198484,0.000506,8.318504,6236,1677,1,299f7481de8111aefdd4403ba09474d6
2026-06-26,4PM,2026-06-26|Anguilla|4PM,2026-06-26 15:20:36,2026-06-26 16:20:54,35,75,10,35|75|10,1ra,2da,3ra,26|82|38,26|82|38|51|29|78|76|68|58|32|25|83,,0,0,0,,,,,,0,0,0,NO JUGAR,0.757884,2.026675,0.000381,6.071327,6237,1655,1,7cad2f247655a88165b05d543af56272
2026-06-26,5PM,2026-06-26|Anguilla|5PM,2026-06-26 16:20:35,2026-06-26 17:20:59,06,76,95,06|76|95,1ra,2da,3ra,57|40|02,57|40|02|99|67|73|48|18|11|24|69|72,,0,0,0,,,,,,0,0,0,NO JUGAR,0.695273,1.944687,0.00044,6.88137,6238,1699,1,db7578e19b4c67b79221b0b3a627b4e6
2026-06-26,6PM,2026-06-26|Anguilla|6PM,2026-06-26 17:20:41,2026-06-26 18:20:56,98,38,15,98|38|15,1ra,2da,3ra,83|72|07,83|72|07|95|25|26|02|45|13|48|10|74,,0,0,0,,,,,,0,0,0,EDGE MODERADO,0.888548,2.226227,0.000526,8.718586,6239,1702,1,a633441fe13d01342a27d8662e4ff1b9
2026-06-26,7PM,2026-06-26|Anguilla|7PM,2026-06-26 18:20:37,2026-06-26 19:20:54,16,01,72,16|01|72,1ra,2da,3ra,71|28|96,71|28|96|41|72|51|09|20|88|98|47|91,,0,1,0,,72,,,72:3ra,0,1,0,EDGE REAL,0.705088,2.503259,0.000661,11.455298,6240,1686,1,7c9f924cdc8f6951508c319b18dc17fa
2026-06-26,8AM,2026-06-26|Anguilla|8AM,2026-06-26 07:20:35,2026-06-26 08:20:56,55,64,51,55|64|51,1ra,2da,3ra,70|12|74,70|12|74|51|19|31|88|60|25|20|80|66,,0,1,0,,51,,,51:3ra,0,1,0,EDGE REAL,0.786794,2.216119,0.000561,9.230953,6229,1669,0,8289a2dbfee41ab4a63ef41615459834
2026-06-26,8PM,2026-06-26|Anguilla|8PM,2026-06-26 19:20:36,2026-06-26 20:20:58,16,99,38,16|99|38,1ra,2da,3ra,12|23|28,12|23|28|45|55|77|11|32|10|86|69|85,,0,0,0,,,,,,0,0,0,NO JUGAR,0.641583,1.837029,0.000236,3.631448,6241,1619,1,6df5e6a615a1b408b4a9e54d95f2bc55
2026-06-26,9AM,2026-06-26|Anguilla|9AM,2026-06-26 08:20:38,2026-06-26 09:20:53,26,81,74,26|81|74,1ra,2da,3ra,54|45|58,54|45|58|68|78|51|50|29|85|88|19|15,,0,0,0,,,,,,0,0,0,EDGE MODERADO,0.683472,1.950421,0.000919,5.896052,6230,1677,1,c655d20b9fe6f9fe0a4a4b212c4878c8
2026-06-26,9PM,2026-06-26|Anguilla|9PM,2026-06-26 20:20:39,2026-06-26 21:20:56,31,60,63,31|60|63,1ra,2da,3ra,41|62|53,41|62|53|37|55|26|02|71|28|58|23|49,,0,0,0,,,,,,0,0,0,EDGE MODERADO,0.663704,2.162044,0.000487,7.961587,6242,1605,1,ecf3ff809b7e144e128f61e6b4193f3e
2026-06-27,10AM,2026-06-27|Anguilla|10AM,2026-06-27 09:20:38,2026-06-27 10:20:53,48,10,67,48|10|67,1ra,2da,3ra,91|04|70,91|04|70|52|20|54|12|18|43|46|13|11,,0,0,0,,,,,,0,0,0,NO JUGAR,0.561802,2.215548,0.000514,8.486944,6246,1680,1,ff91e5ea9b1305b8413bdd46ab84d000
2026-06-27,10PM,2026-06-27|Anguilla|10PM,2026-06-27 21:20:55,2026-06-27 22:21:14,57,10,83,57|10|83,1ra,2da,3ra,69|20|56,69|20|56|85|44|32|48|68|89|51|15|75,,0,0,0,,,,,,0,0,0,EDGE REAL,0.776425,2.334079,0.000674,11.364769,6258,1698,1,91a557926d2a3ee140a29d2f98bc69b2
2026-06-27,11AM,2026-06-27|Anguilla|11AM,2026-06-27 10:20:35,2026-06-27 11:20:54,03,54,12,03|54|12,1ra,2da,3ra,96|04|62,96|04|62|52|03|63|68|06|13|48|64|58,,0,1,0,,03,,,03:1ra,0,1,0,EDGE MODERADO,0.668809,1.850634,0.000929,5.983017,6247,1677,1,1c52784f9b96dba1c9f03a1f02a5fb3c
2026-06-27,12PM,2026-06-27|Anguilla|12PM,2026-06-27 11:20:36,2026-06-27 12:20:55,40,02,83,40|02|83,1ra,2da,3ra,38|58|41,38|58|41|42|05|59|33|73|30|67|06|18,,0,0,0,,,,,,0,0,0,NO JUGAR,0.887147,2.008651,0.000371,5.908366,6248,1684,1,bbced5db6aed917e61d2b1670e3697bb
2026-06-27,1PM,2026-06-27|Anguilla|1PM,2026-06-27 12:20:36,2026-06-27 13:20:53,59,93,50,59|93|50,1ra,2da,3ra,36|93|58,36|93|58|10|91|33|12|20|07|61|59|56,,1,2,0,93,93|59,,93:2da,93:2da|59:1ra,1,1,0,EDGE REAL,0.719533,2.40403,0.000663,11.308058,6249,1680,1,e09c7a7484369d3c8c5dc1c7c793aa75
2026-06-27,2PM,2026-06-27|Anguilla|2PM,2026-06-27 13:20:34,2026-06-27 14:20:56,85,74,17,85|74|17,1ra,2da,3ra,60|27|66,60|27|66|28|63|94|38|33|80|55|70|08,,0,0,0,,,,,,0,0,0,NO JUGAR,0.648567,2.160574,0.000486,7.946221,6250,1683,1,87449995d26b8818ca5612cb6b3b18ba
2026-06-27,3PM,2026-06-27|Anguilla|3PM,2026-06-27 14:20:37,2026-06-27 15:20:56,46,72,61,46|72|61,1ra,2da,3ra,34|51|47,34|51|47|78|83|39|36|80|67|54|08|50,,0,0,0,,,,,,0,0,0,NO JUGAR,0.800147,2.034349,0.000384,6.136597,6251,1675,1,005bceb0456b64864ae672b1113e76ce
2026-06-27,4PM,2026-06-27|Anguilla|4PM,2026-06-27 15:20:39,2026-06-27 18:06:23,77,18,16,77|18|16,1ra,2da,3ra,69|41|03,69|41|03|34|44|56|74|27|61|89|29|28,,0,0,0,,,,,,0,0,0,EDGE MODERADO,0.783085,2.185736,0.000455,7.485837,6252,1635,1,d2e0f6dd20687cbd9c9fabec430075b9
2026-06-27,7PM,2026-06-27|Anguilla|7PM,2026-06-27 18:20:52,2026-06-27 19:21:15,80,91,64,80|91|64,1ra,2da,3ra,74|37|94,74|37|94|81|47|24|95|91|00|25|13|03,,0,1,0,,91,,,91:2da,0,1,0,EDGE REAL,0.819983,2.382555,0.000598,10.193935,6255,1651,0,9510ebe4e5a7cd9e61522dead2b9d30b
2026-06-27,8AM,2026-06-27|Anguilla|8AM,2026-06-27 07:20:35,2026-06-27 09:20:57,89,22,80,89|22|80,1ra,2da,3ra,49|24|44,49|24|44|43|19|79|96|11|65|13|35|84,,0,0,0,,,,,,0,0,0,EDGE MODERADO,0.685093,2.374445,0.000595,10.105784,6244,1672,0,893acd9f003c954f735d004d19c8566f
2026-06-27,8PM,2026-06-27|Anguilla|8PM,2026-06-27 19:20:55,2026-06-27 20:21:13,51,72,58,51|72|58,1ra,2da,3ra,29|61|20,29|61|20|39|55|69|48|13|54|16|75|58,,0,1,0,,58,,,58:3ra,0,1,0,NO JUGAR,0.615222,2.09056,0.000449,7.256751,6256,1680,1,33523cced5840b2c1490cb77bdb20d3c
2026-06-27,9AM,2026-06-27|Anguilla|9AM,2026-06-27 08:20:36,2026-06-27 09:20:57,67,60,29,67|60|29,1ra,2da,3ra,49|24|44,49|24|44|43|19|79|96|11|65|13|35|84,,0,0,0,,,,,,0,0,0,EDGE MODERADO,0.685093,2.374445,0.000595,10.105784,6244,1672,1,b4fb87523f6cbb8a2a18e7b7e2068b79
2026-06-27,9PM,2026-06-27|Anguilla|9PM,2026-06-27 20:20:55,2026-06-27 21:21:14,62,26,94,62|26|94,1ra,2da,3ra,24|29|74,24|29|74|71|84|03|67|17|21|55|94|91,,0,1,0,,94,,,94:3ra,0,1,0,EDGE MODERADO,0.717283,2.17056,0.00049,8.043124,6257,1683,1,d43dc9332cb8526a48d257858212d1af
2026-06-28,10AM,2026-06-28|Anguilla|10AM,2026-06-28 09:20:54,2026-06-28 10:21:12,20,87,74,20|87|74,1ra,2da,3ra,13|72|54,13|72|54|88|51|40|25|71|12|15|82|89,,0,0,0,,,,,,0,0,0,NO JUGAR,0.682407,1.965065,0.000417,6.573983,6261,1642,1,01dad289f940839822e6c8ceb27d7510
2026-06-28,10PM,2026-06-28|Anguilla|10PM,2026-06-28 21:20:56,2026-06-28 22:21:11,79,30,15,79|30|15,1ra,2da,3ra,18|38|96,18|38|96|73|58|14|23|30|75|53|87|85,,0,1,0,,30,,,30:2da,0,1,0,EDGE REAL,0.841852,2.355319,0.000583,9.912744,6273,1655,1,4a187e7b3346deaaa7d2506bb5a657f0
2026-06-28,11AM,2026-06-28|Anguilla|11AM,2026-06-28 10:20:54,2026-06-28 11:21:13,85,85,41,85|85|41,1ra,2da,3ra,49|32|02,49|32|02|87|04|61|53|24|06|27|55|95,,0,0,0,,,,,,0,0,0,EDGE MODERADO,0.751061,2.000284,0.000748,4.809171,6262,1597,1,fecc821eadf85c9083a112cf47e2c681
2026-06-28,12PM,2026-06-28|Anguilla|12PM,2026-06-28 11:20:54,2026-06-28 12:21:11,56,33,79,56|33|79,1ra,2da,3ra,47|00|53,47|00|53|87|34|18|72|54|82|69|61|02,,0,0,0,,,,,,0,0,0,EDGE REAL,0.700723,2.240664,0.000577,9.614819,6263,1666,1,ea5ea768f70508f01f27a786e84e2b26
2026-06-28,1PM,2026-06-28|Anguilla|1PM,2026-06-28 12:20:53,2026-06-28 13:21:15,62,06,16,62|06|16,1ra,2da,3ra,90|08|61,90|08|61|19|38|34|06|49|83|56|68|82,,0,1,0,,06,,,06:2da,0,1,0,EDGE MODERADO,0.722662,2.142515,0.000475,7.765906,6264,1723,1,5a5054cdf2dcf4203bd4e060df5eaa6b
2026-06-28,2PM,2026-06-28|Anguilla|2PM,2026-06-28 13:20:56,2026-06-28 14:21:12,56,93,08,56|93|08,1ra,2da,3ra,52|89|32,52|89|32|58|66|48|20|63|55|14|19|07,,0,0,0,,,,,,0,0,0,EDGE ELITE,1.000419,2.644116,0.001046,18.531528,6265,1677,1,aabb761dbc1915f5fb5ab21ad5ac904d
2026-06-28,3PM,2026-06-28|Anguilla|3PM,2026-06-28 14:20:53,2026-06-28 15:21:12,29,88,66,29|88|66,1ra,2da,3ra,94|60|51,94|60|51|05|01|80|39|82|72|66|85|54,,0,1,0,,66,,,66:3ra,0,1,0,NO JUGAR,0.669674,1.954793,0.000345,5.450473,6266,1651,1,55038856cd06db647cabfad854360702
2026-06-28,4PM,2026-06-28|Anguilla|4PM,2026-06-28 15:20:54,2026-06-28 17:21:10,53,77,98,53|77|98,1ra,2da,3ra,80|12|20,80|12|20|04|95|47|27|09|76|15|19|86,,0,0,0,,,,,,0,0,0,EDGE MODERADO,0.75068,2.186163,0.000497,8.195871,6267,1644,1,fce97610f80973d10c49e7e69985606d
2026-06-28,5PM,2026-06-28|Anguilla|5PM,2026-06-28 16:20:53,2026-06-28 17:21:10,11,11,15,11|11|15,1ra,2da,3ra,80|12|20,80|12|20|04|95|47|27|09|76|15|19|86,,0,1,0,,15,,,15:3ra,0,1,0,EDGE MODERADO,0.75068,2.186163,0.000497,8.195871,6267,1644,1,2de14f6dd6f9d5f8d5c83069152f66b2
2026-06-28,6PM,2026-06-28|Anguilla|6PM,2026-06-28 17:20:51,2026-06-28 18:21:56,19,13,52,19|13|52,1ra,2da,3ra,22|47|40,22|47|40|38|52|09|95|23|35|02|44|11,,0,1,0,,52,,,52:3ra,0,1,0,EDGE MODERADO,0.699081,2.657379,0.00067,11.971696,6269,1634,1,7824168de03be5ded76708dcbbaaac88
2026-06-28,7PM,2026-06-28|Anguilla|7PM,2026-06-28 18:21:38,2026-06-28 19:21:11,98,67,20,98|67|20,1ra,2da,3ra,61|68|44,61|68|44|26|96|02|92|34|88|65|74|58,,0,0,0,,,,,,0,0,0,EDGE REAL,0.805831,2.431775,0.000568,9.784903,6270,1628,1,11b8d12673fe222e632ebba4de8ea03b
2026-06-28,8AM,2026-06-28|Anguilla|8AM,2026-06-28 07:20:54,2026-06-28 08:21:14,20,62,36,20|62|36,1ra,2da,3ra,76|24|71,76|24|71|09|66|54|51|15|85|63|82|96,,0,0,0,,,,,,0,0,0,NO JUGAR,0.629976,1.831724,0.000319,4.916553,6259,1714,0,102449893c32397967ab4d852a864e20
2026-06-28,8PM,2026-06-28|Anguilla|8PM,2026-06-28 19:20:52,2026-06-28 20:21:11,94,05,61,94|05|61,1ra,2da,3ra,96|66|71,96|66|71|64|05|15|62|49|24|06|31|91,,0,1,0,,05,,,05:2da,0,1,0,EDGE REAL,0.778241,2.602905,0.000768,13.583695,6271,1633,1,1be0db9237267587c2c9e145d30ab25f
2026-06-28,9AM,2026-06-28|Anguilla|9AM,2026-06-28 08:20:55,2026-06-28 09:21:12,98,34,92,98|34|92,1ra,2da,3ra,27|89|70,27|89|70|20|79|14|94|74|48|04|38|81,,0,0,0,,,,,,0,0,0,NO JUGAR,0.838327,1.984362,0.000358,5.670695,6260,1662,1,ea177aa51d06f81a5d7067399a1c6836
2026-06-28,9PM,2026-06-28|Anguilla|9PM,2026-06-28 20:20:52,2026-06-28 21:21:16,04,50,54,04|50|54,1ra,2da,3ra,69|71|54,69|71|54|34|18|58|00|95|99|98|02|23,,1,1,0,54,54,,54:3ra,54:3ra,1,1,0,EDGE REAL,0.702352,2.32789,0.000668,11.289741,6272,1657,1,6d56d32e2c748a8e3333afb3d191f148
2026-06-29,10PM,2026-06-29|Anguilla|10PM,2026-06-29 21:20:19,2026-06-29 22:20:38,06,05,13,06|05|13,1ra,2da,3ra,02|18|82,02|18|82|25|78|56|09|54|28|77|58|16,,0,0,0,,,,,,0,0,0,EDGE REAL,0.708718,2.640709,0.000912,16.247891,6287,1651,1,e31cd0e36c415324a95bb853d366706d
2026-06-29,12PM,2026-06-29|Anguilla|12PM,2026-06-29 11:34:26,2026-06-29 12:20:37,76,35,08,76|35|08,1ra,2da,3ra,58|02|30,58|02|30|59|50|91|77|64|87|37|18|15,,0,0,0,,,,,,0,0,0,NO JUGAR,0.740017,1.962897,0.000381,6.036503,6278,1739,1,59783511a432a184ddb22ffec9072b66
2026-06-29,1PM,2026-06-29|Anguilla|1PM,2026-06-29 12:20:19,2026-06-29 14:20:41,33,32,92,33|32|92,1ra,2da,3ra,02|96|22,02|96|22|53|14|07|58|26|77|69|05|29,,0,0,0,,,,,,0,0,0,EDGE ELITE,0.95728,2.687209,0.001008,18.038427,6279,1731,1,0d83d3f0579810c1b0a3e1b1fbf55e8d
2026-06-29,2PM,2026-06-29|Anguilla|2PM,2026-06-29 13:20:36,2026-06-29 14:20:41,25,44,37,25|44|37,1ra,2da,3ra,02|96|22,02|96|22|53|14|07|58|26|77|69|05|29,,0,0,0,,,,,,0,0,0,EDGE ELITE,0.95728,2.687209,0.001008,18.038427,6279,1731,1,48dc91e243cb8dc54f4e1ebe7c5566be
2026-06-29,3PM,2026-06-29|Anguilla|3PM,2026-06-29 14:20:23,2026-06-29 15:20:38,81,22,99,81|22|99,1ra,2da,3ra,88|71|81,88|71|81|14|47|82|46|23|39|42|09|96,,1,1,0,81,81,,81:1ra,81:1ra,1,1,0,EDGE REAL,0.74266,2.50989,0.000659,11.519536,6281,1686,1,3d3e678f0efaaea21715ffbe0beb906b
2026-06-29,4PM,2026-06-29|Anguilla|4PM,2026-06-29 15:20:19,2026-06-29 16:20:41,87,26,65,87|26|65,1ra,2da,3ra,13|90|47,13|90|47|71|09|54|00|37|96|39|43|19,,0,0,0,,,,,,0,0,0,NO JUGAR,0.622971,2.392004,0.0006,10.284318,6282,1654,1,d03cc7b9c1490ef7d8a9afaf32fe1efb
2026-06-29,5PM,2026-06-29|Anguilla|5PM,2026-06-29 16:20:22,2026-06-29 17:20:38,45,68,63,45|68|63,1ra,2da,3ra,19|89|09,19|89|09|49|43|51|69|41|32|10|22|55,,0,0,0,,,,,,0,0,0,NO JUGAR,0.629043,1.932933,0.000302,4.769255,6283,1710,1,6980b790bf98fd59cea33b0f1b15676a
2026-06-29,6PM,2026-06-29|Anguilla|6PM,2026-06-29 17:20:20,2026-06-29 18:20:41,21,49,40,21|49|40,1ra,2da,3ra,90|36|67,90|36|67|24|64|89|87|49|75|21|37|08,,0,2,0,,49|21,,,49:2da|21:1ra,0,1,0,EDGE MODERADO,0.651037,2.638034,0.000792,14.153242,6284,1729,1,546029b699dcfc6e430c6a7695021937
2026-06-29,7PM,2026-06-29|Anguilla|7PM,2026-06-29 18:20:22,2026-06-29 19:20:41,38,20,36,38|20|36,1ra,2da,3ra,56|19|38,56|19|38|22|84|90|77|42|21|06|96|74,,1,1,0,38,38,,38:1ra,38:1ra,1,1,0,EDGE REAL,0.970782,2.255922,0.000578,9.66285,6285,1711,1,03347d5365f0313bf97658fd228ffa2f
2026-06-29,8AM,2026-06-29|Anguilla|8AM,2026-06-28 22:20:52,2026-06-29 11:34:46,12,05,65,12|05|65,1ra,2da,3ra,23|70|99,23|70|99|94|07|36|37|89|30|51|22|92,,0,0,0,,,,,,0,0,0,EDGE MODERADO,0.691526,1.705679,0.000595,4.906147,6274,1671,1,13a99f96a4f40df4201383996b96c3eb
2026-06-29,8PM,2026-06-29|Anguilla|8PM,2026-06-29 19:20:22,2026-06-29 20:20:41,18,35,09,18|35|09,1ra,2da,3ra,65|74|81,65|74|81|41|73|38|96|10|86|25|40|92,,0,0,0,,,,,,0,0,0,NO JUGAR,0.676235,1.920427,0.00039,6.122013,6286,1660,1,5e3ea057229c5df3c2e20b3c896d45aa
2026-06-29,9PM,2026-06-29|Anguilla|9PM,2026-06-29 20:20:22,2026-06-29 22:20:38,12,93,21,12|93|21,1ra,2da,3ra,02|18|82,02|18|82|25|78|56|09|54|28|77|58|16,,0,0,0,,,,,,0,0,0,EDGE REAL,0.708718,2.640709,0.000912,16.247891,6287,1651,1,71059dd40c5296abafd5b109a2c98572
2026-06-30,10AM,2026-06-30|Anguilla|10AM,2026-06-30 09:20:21,2026-06-30 10:20:38,05,26,38,05|26|38,1ra,2da,3ra,95|34|65,95|34|65|54|12|43|23|04|69|00|98|17,,0,0,0,,,,,,0,0,0,EDGE MODERADO,0.699231,2.483541,0.000701,12.201831,6291,1657,1,4f970693c32e193d2f9c4e3a1153089a
2026-06-30,10PM,2026-06-30|Anguilla|10PM,2026-06-30 21:20:22,2026-06-30 22:20:39,88,19,83,88|19|83,1ra,2da,3ra,44|00|91,44|00|91|02|19|67|69|21|23|06|76|74,,0,1,0,,19,,,19:2da,0,1,0,EDGE REAL,0.772102,2.423099,0.000721,12.439255,6303,1756,1,d6bc79ffad89f3c0113084e16151ff6a
2026-06-30,11AM,2026-06-30|Anguilla|11AM,2026-06-30 10:20:19,2026-06-30 11:20:38,67,92,34,67|92|34,1ra,2da,3ra,75|38|85,75|38|85|62|83|91|79|45|71|60|69|49,,0,0,0,,,,,,0,0,0,EDGE REAL,0.768123,2.594792,0.000822,14.558908,6292,1649,1,e98f39f9769c0e1e3931c65082c6df24
2026-06-30,12PM,2026-06-30|Anguilla|12PM,2026-06-30 11:20:20,2026-06-30 12:20:43,58,05,24,58|05|24,1ra,2da,3ra,89|52|42,89|52|42|28|66|72|32|16|20|76|03|86,,0,0,0,,,,,,0,0,0,EDGE REAL,0.77412,2.453548,0.00074,12.801785,6293,1614,1,f51ab2bfef04e7636cba4fb175ea4d26
2026-06-30,1PM,2026-06-30|Anguilla|1PM,2026-06-30 12:20:24,2026-06-30 13:20:38,85,08,81,85|08|81,1ra,2da,3ra,35|79|95,35|79|95|53|32|56|54|00|62|55|45|22,,0,0,0,,,,,,0,0,0,EDGE MODERADO,0.707452,2.12683,0.000465,7.610084,6294,1653,1,29ef7a4247a0261242e60b849b55be77
2026-06-30,2PM,2026-06-30|Anguilla|2PM,2026-06-30 13:20:20,2026-06-30 14:20:45,58,42,19,58|42|19,1ra,2da,3ra,32|34|49,32|34|49|00|14|73|29|76|61|85|20|15,,0,0,0,,,,,,0,0,0,EDGE REAL,0.946132,2.440505,0.000763,11.720398,6295,1663,1,3da4493bda538f304e5b29487785bb6d
2026-06-30,3PM,2026-06-30|Anguilla|3PM,2026-06-30 14:20:24,2026-06-30 15:20:43,45,07,40,45|07|40,1ra,2da,3ra,09|08|07,09|08|07|90|13|46|59|33|34|06|31|53,,1,1,0,07,07,,07:2da,07:2da,1,1,0,NO JUGAR,0.636498,2.535438,0.000846,14.833259,6296,1682,1,ffdfac9e75f06b7ec28cd849bef67d9d
2026-06-30,4PM,2026-06-30|Anguilla|4PM,2026-06-30 15:20:24,2026-06-30 17:20:39,08,79,83,08|79|83,1ra,2da,3ra,32|08|67,32|08|67|52|57|23|56|33|50|62|37|20,,1,1,0,08,08,,08:1ra,08:1ra,1,1,0,EDGE REAL,0.719169,2.766001,0.000918,16.706246,6297,1661,1,b1eab99686668e213cd9d4634417f2d5
2026-06-30,5PM,2026-06-30|Anguilla|5PM,2026-06-30 16:20:20,2026-06-30 17:20:39,69,00,89,69|00|89,1ra,2da,3ra,32|08|67,32|08|67|52|57|23|56|33|50|62|37|20,,0,0,0,,,,,,0,0,0,EDGE REAL,0.719169,2.766001,0.000918,16.706246,6297,1661,1,2d86b761087d5f74e72749c5b124b1dd
2026-06-30,6PM,2026-06-30|Anguilla|6PM,2026-06-30 17:20:21,2026-06-30 18:20:42,99,47,58,99|47|58,1ra,2da,3ra,27|60|06,27|60|06|63|82|74|50|70|83|35|07|39,,0,0,0,,,,,,0,0,0,EDGE MODERADO,0.721253,2.162561,0.000483,7.962287,6299,1690,1,c2d0c706fef57e036734107639527c1d
2026-06-30,7PM,2026-06-30|Anguilla|7PM,2026-06-30 18:20:23,2026-06-30 19:20:40,76,41,77,76|41|77,1ra,2da,3ra,88|26|45,88|26|45|62|21|78|51|73|50|84|53|47,,0,0,0,,,,,,0,0,0,EDGE REAL,0.788614,2.331606,0.000625,10.63359,6300,1740,1,e1ce1ca6a756cfad0fa9a5a1e526108c
2026-06-30,8AM,2026-06-30|Anguilla|8AM,2026-06-30 07:20:24,2026-06-30 08:20:39,63,21,31,63|21|31,1ra,2da,3ra,80|83|93,80|83|93|42|95|12|25|30|74|81|72|63,,0,1,0,,63,,,63:1ra,0,1,0,EDGE MODERADO,0.719865,2.181156,0.000493,8.145076,6289,1685,0,83b1e983bad71096a13fec880e47b96f
2026-06-30,8PM,2026-06-30|Anguilla|8PM,2026-06-30 19:20:22,2026-06-30 20:20:37,67,69,28,67|69|28,1ra,2da,3ra,77|07|15,77|07|15|02|52|50|22|67|32|10|38|29,,0,1,0,,67,,,67:1ra,0,1,0,EDGE REAL,0.752989,2.173294,0.000573,9.45562,6301,1780,1,8befdee2a44b9276e3f03f0b148e8dab
2026-06-30,9AM,2026-06-30|Anguilla|9AM,2026-06-30 08:20:20,2026-06-30 09:20:39,61,27,85,61|27|85,1ra,2da,3ra,75|20|49,75|20|49|72|42|94|69|44|05|23|48|60,,0,0,0,,,,,,0,0,0,NO JUGAR,0.636773,2.386372,0.000753,12.869005,6290,1668,1,18430b1d83b81ac86626b1c76d86af1e
2026-06-30,9PM,2026-06-30|Anguilla|9PM,2026-06-30 20:20:18,2026-06-30 21:20:42,55,63,58,55|63|58,1ra,2da,3ra,84|62|52,84|62|52|16|46|49|10|87|86|57|83|04,,0,0,0,,,,,,0,0,0,NO JUGAR,0.627037,1.771054,0.000232,3.335256,6302,1760,1,8c2120fbd03a250b7a55ed63b580f5ea
2026-07-01,10AM,2026-07-01|Anguilla|10AM,2026-07-01 09:20:19,2026-07-01 10:20:38,80,03,22,80|03|22,1ra,2da,3ra,94|44|53,94|44|53|07|59|67|61|25|09|82|29|20,,0,0,0,,,,,,0,0,0,EDGE REAL,0.72206,2.142815,0.000554,9.102214,6306,1680,1,1a159a8879810dc3997a54aaf69c2353
2026-07-01,10PM,2026-07-01|Anguilla|10PM,2026-07-01 21:20:25,2026-07-01 22:20:41,59,26,24,59|26|24,1ra,2da,3ra,17|83|71,17|83|71|13|19|51|39|33|74|14|86|43,,0,0,0,,,,,,0,0,0,EDGE MODERADO,0.675578,2.177256,0.000516,8.515382,6318,1658,1,19105468490e7addc8ac273a1ed83415
2026-07-01,11AM,2026-07-01|Anguilla|11AM,2026-07-01 10:20:20,2026-07-01 11:20:39,77,86,23,77|86|23,1ra,2da,3ra,88|23|59,88|23|59|51|71|10|07|68|43|73|69|20,,1,1,0,23,23,,23:3ra,23:3ra,1,1,0,EDGE REAL,0.812522,2.491408,0.000647,11.323643,6307,1704,1,96bbf08eac39f1ab9d568f1b44ba81cd
2026-07-01,12PM,2026-07-01|Anguilla|12PM,2026-07-01 11:20:21,2026-07-01 12:20:40,03,35,32,03|35|32,1ra,2da,3ra,13|94|65,13|94|65|10|81|95|55|90|62|19|60|80,,0,0,0,,,,,,0,0,0,EDGE REAL,0.707455,2.375,0.000589,10.107272,6308,1687,1,c2a944aa111d2598f73222040e8ff029
2026-07-01,1PM,2026-07-01|Anguilla|1PM,2026-07-01 12:20:22,2026-07-01 13:20:42,51,02,88,51|02|88,1ra,2da,3ra,48|86|27,48|86|27|66|08|59|68|02|87|55|24|77,,0,1,0,,02,,,02:2da,0,1,0,EDGE REAL,0.762136,2.317355,0.00056,9.519484,6309,1687,1,fda320667ff2246d5a20e5c0a7389492
2026-07-01,2PM,2026-07-01|Anguilla|2PM,2026-07-01 13:20:24,2026-07-01 14:20:40,50,19,51,50|19|51,1ra,2da,3ra,24|91|39,24|91|39|44|88|84|53|47|03|40|93|13,,0,0,0,,,,,,0,0,0,EDGE MODERADO,0.821016,2.154196,0.000477,7.879028,6310,1681,1,96ebaffaf5aaa41e24f9b580db72a08a
2026-07-01,3PM,2026-07-01|Anguilla|3PM,2026-07-01 14:20:22,2026-07-01 15:20:40,96,17,68,96|17|68,1ra,2da,3ra,17|58|00,17|58|00|96|35|28|43|18|33|94|13|68,,1,3,0,17,17|96|68,,17:2da,17:2da|96:1ra|68:3ra,1,1,0,NO JUGAR,0.775682,1.999493,0.000329,5.283036,6311,1670,1,7fef79633edbaf44ac1d25aa9d1dc368
2026-07-01,4PM,2026-07-01|Anguilla|4PM,2026-07-01 15:20:21,2026-07-01 16:20:37,19,47,98,19|47|98,1ra,2da,3ra,17|36|15,17|36|15|22|50|67|06|38|34|94|77|02,,0,0,0,,,,,,0,0,0,NO JUGAR,0.691169,2.100181,0.000411,6.71875,6312,1679,1,ebb0c2ea7fdde8790db5b9d1f926dc04
2026-07-01,5PM,2026-07-01|Anguilla|5PM,2026-07-01 16:20:18,2026-07-01 17:20:40,88,75,99,88|75|99,1ra,2da,3ra,74|96|25,74|96|25|71|58|84|44|81|01|24|68|41,,0,0,0,,,,,,0,0,0,EDGE MODERADO,0.857258,2.136379,0.000468,7.700326,6313,1674,1,40385149f9a905384a4f9057b18b15d1
2026-07-01,6PM,2026-07-01|Anguilla|6PM,2026-07-01 17:20:21,2026-07-01 18:20:44,41,40,91,41|40|91,1ra,2da,3ra,50|62|23,50|62|23|17|99|98|21|76|59|14|77|10,,0,0,0,,,,,,0,0,0,EDGE REAL,0.791218,2.221675,0.000556,9.283562,6314,1704,1,d769fb43cf27db9ff4a486e85c2db35f
2026-07-01,7PM,2026-07-01|Anguilla|7PM,2026-07-01 18:20:25,2026-07-01 19:20:39,54,32,18,54|32|18,1ra,2da,3ra,53|39|33,53|39|33|15|56|03|07|17|31|58|25|77,,0,0,0,,,,,,0,0,0,EDGE REAL,0.718744,2.297868,0.000653,7.723846,6315,1735,1,9fcbdc491aae1b8ca4e13d1520c319ca
2026-07-01,8AM,2026-07-01|Anguilla|8AM,2026-07-01 07:20:20,2026-07-01 08:20:38,83,80,08,83|80|08,1ra,2da,3ra,23|81|58,23|81|58|32|34|68|17|03|18|10|76|93,,0,0,0,,,,,,0,0,0,NO JUGAR,0.69078,1.895577,0.000315,4.948054,6304,1685,0,cf405cfca5671541516aaec45c689827
2026-07-01,8PM,2026-07-01|Anguilla|8PM,2026-07-01 19:20:20,2026-07-01 20:20:38,91,93,90,91|93|90,1ra,2da,3ra,38|26|09,38|26|09|28|84|59|17|14|23|44|16|41,,0,0,0,,,,,,0,0,0,EDGE MODERADO,0.808186,2.179434,0.00049,8.129014,6316,1732,1,0e51b1f9a582107dd979b0f65ad3500c
2026-07-01,9AM,2026-07-01|Anguilla|9AM,2026-07-01 08:20:20,2026-07-01 09:20:38,32,63,12,32|63|12,1ra,2da,3ra,33|39|71,33|39|71|29|10|81|43|63|14|20|51|64,,0,1,0,,63,,,63:2da,0,1,0,EDGE REAL,0.714857,2.152927,0.000945,9.21521,6305,1730,1,adcd490f2045ee219163feaf5cda541a
2026-07-01,9PM,2026-07-01|Anguilla|9PM,2026-07-01 20:20:19,2026-07-01 21:20:45,73,22,09,73|22|09,1ra,2da,3ra,39|29|91,39|29|91|58|93|07|34|50|94|23|60|61,,0,0,0,,,,,,0,0,0,EDGE REAL,0.709865,2.552517,0.000913,16.101781,6317,1696,1,232e485474d367c15cdcd9eac764d872
2026-07-02,10AM,2026-07-02|Anguilla|10AM,2026-07-02 09:20:19,2026-07-02 11:34:27,80,12,56,80|12|56,1ra,2da,3ra,39|18|95,39|18|95|85|54|76|07|74|33|56|96|41,,0,1,0,,56,,,56:3ra,0,1,0,EDGE MODERADO,0.722102,2.051179,0.000498,8.060222,6321,1742,1,52481fda30e0853780f3ab3782799535
2026-07-02,10PM,2026-07-02|Anguilla|10PM,2026-07-02 21:21:01,2026-07-02 22:21:22,34,60,10,34|60|10,1ra,2da,3ra,74|75|87,74|75|87|17|90|03|45|52|19|94|83|95,,0,0,0,,,,,,0,0,0,NO JUGAR,0.762888,2.057505,0.000352,5.741837,6333,1684,1,929abb1b8aafb2e41f4f32888dd31256
2026-07-02,12PM,2026-07-02|Anguilla|12PM,2026-07-02 11:34:08,2026-07-02 12:21:20,97,46,17,97|46|17,1ra,2da,3ra,12|07|64,12|07|64|13|29|10|61|70|54|55|82|30,,0,0,0,,,,,,0,0,0,EDGE MODERADO,0.688218,2.315947,0.000705,11.958601,6323,1799,1,61cb8b0e813756bc590dd393dd7a105d
2026-07-02,1PM,2026-07-02|Anguilla|1PM,2026-07-02 12:21:02,2026-07-02 13:21:20,41,29,08,41|29|08,1ra,2da,3ra,48|75|92,48|75|92|44|08|52|68|50|72|87|84|15,,0,1,0,,08,,,08:3ra,0,1,0,NO JUGAR,0.629666,1.99753,0.000362,5.815975,6324,1733,1,9fa79c4bd950bcdda2d8ccab8ee70793
2026-07-02,2PM,2026-07-02|Anguilla|2PM,2026-07-02 13:21:01,2026-07-02 14:21:19,22,49,79,22|49|79,1ra,2da,3ra,44|69|14,44|69|14|42|74|41|12|20|02|81|49|25,,0,1,0,,49,,,49:2da,0,1,0,NO JUGAR,0.699835,2.013369,0.000404,6.506154,6325,1740,1,d9b8447ee667410d9abb9a7551ac9b49
2026-07-02,3PM,2026-07-02|Anguilla|3PM,2026-07-02 14:21:00,2026-07-02 15:21:18,91,27,92,91|27|92,1ra,2da,3ra,06|94|87,06|94|87|99|19|54|48|37|13|53|51|55,,0,0,0,,,,,,0,0,0,EDGE REAL,0.777351,2.267383,0.00058,9.782449,6326,1662,1,f90f1a1dca9f5741f892baef46394a09
2026-07-02,4PM,2026-07-02|Anguilla|4PM,2026-07-02 15:21:00,2026-07-02 16:21:22,02,35,06,02|35|06,1ra,2da,3ra,42|88|05,42|88|05|14|55|06|52|09|91|58|34|74,,0,1,0,,06,,,06:3ra,0,1,0,EDGE REAL,0.873746,2.465545,0.000633,11.054573,6327,1683,1,72327fe5ddfe757cc363d4538d4d0bbd
2026-07-02,5PM,2026-07-02|Anguilla|5PM,2026-07-02 16:21:03,2026-07-02 17:21:20,33,21,59,33|21|59,1ra,2da,3ra,58|83|78,58|83|78|54|02|53|74|96|51|27|25|60,,0,0,0,,,,,,0,0,0,NO JUGAR,0.630415,1.90011,0.00054,5.45347,6328,1656,1,8df5f2775815489248b9bc80079d0837
2026-07-02,6PM,2026-07-02|Anguilla|6PM,2026-07-02 17:21:01,2026-07-02 18:21:20,45,82,90,45|82|90,1ra,2da,3ra,38|50|33,38|50|33|91|48|89|51|90|71|62|17|47,,0,1,0,,90,,,90:3ra,0,1,0,EDGE MODERADO,0.692796,2.127633,0.000462,7.613453,6329,1719,1,53095e067514e1b9ac76a17bc0faaef1
2026-07-02,7PM,2026-07-02|Anguilla|7PM,2026-07-02 18:21:02,2026-07-02 19:21:24,13,61,34,13|61|34,1ra,2da,3ra,39|72|95,39|72|95|51|34|96|83|76|12|81|42|19,,0,1,0,,34,,,34:3ra,0,1,0,NO JUGAR,0.693655,1.803325,0.000299,4.188148,6330,1698,1,29a4c1c41ecf87b3a2546f2bdd717624
2026-07-02,8AM,2026-07-02|Anguilla|8AM,2026-07-02 07:20:20,2026-07-02 08:20:38,09,89,30,09|89|30,1ra,2da,3ra,95|41|18,95|41|18|09|89|29|35|86|81|70|69|61,,0,2,0,,09|89,,,09:1ra|89:2da,0,1,0,EDGE REAL,0.752745,2.110811,0.000845,6.813166,6319,1671,0,cc0df83906f36d63c7cd3895ff4e82ba
2026-07-02,8PM,2026-07-02|Anguilla|8PM,2026-07-02 19:21:04,2026-07-02 20:21:18,47,80,17,47|80|17,1ra,2da,3ra,75|34|56,75|34|56|82|74|69|05|41|08|13|42|04,,0,0,0,,,,,,0,0,0,NO JUGAR,0.602246,2.365609,0.000735,12.596807,6331,1659,1,1a36db739224a9c5bfd26bddfbb4af53
2026-07-02,9AM,2026-07-02|Anguilla|9AM,2026-07-02 08:20:19,2026-07-02 09:20:37,57,05,48,57|05|48,1ra,2da,3ra,90|78|87,90|78|87|82|63|32|83|42|76|21|79|75,,0,0,0,,,,,,0,0,0,EDGE REAL,0.840655,2.608254,0.000864,13.802003,6320,1687,1,41954b2b58a37c166dab18bfd495f353
2026-07-02,9PM,2026-07-02|Anguilla|9PM,2026-07-02 20:21:00,2026-07-02 21:21:21,96,55,28,96|55|28,1ra,2da,3ra,38|75|91,38|75|91|15|40|18|11|90|86|58|59|64,,0,0,0,,,,,,0,0,0,NO JUGAR,0.722376,2.085639,0.000388,5.970676,6332,1669,1,5c6894a3b7d1449f65ceb1646a83c997
2026-07-03,10AM,2026-07-03|Anguilla|10AM,2026-07-03 09:20:59,2026-07-03 10:21:19,72,13,02,72|13|02,1ra,2da,3ra,45|50|41,45|50|41|42|26|15|35|94|32|82|17|29,,0,0,0,,,,,,0,0,0,NO JUGAR,0.784851,2.0625,0.000428,6.97889,6336,1646,1,c1fd62ffa48db3894ab6a2a98925c632
2026-07-03,10PM,2026-07-03|Anguilla|10PM,2026-07-03 21:21:04,2026-07-03 22:21:21,60,69,48,60|69|48,1ra,2da,3ra,60|93|27,60|93|27|80|33|10|16|82|02|83|04|38,,1,1,0,60,60,,60:1ra,60:1ra,1,1,0,EDGE MODERADO,0.703879,2.085783,0.000478,7.827723,6348,1670,1,369d089dc503351e7c06b6fc8724133c
2026-07-03,11AM,2026-07-03|Anguilla|11AM,2026-07-03 10:21:01,2026-07-03 11:21:18,10,86,52,10|86|52,1ra,2da,3ra,96|36|86,96|36|86|16|52|93|17|88|22|78|77|29,,1,2,0,86,86|52,,86:2da,86:2da|52:3ra,1,1,0,NO JUGAR,0.62917,2.386817,0.000592,10.226516,6337,1634,1,fef4e914161ee09da13e2ed8ffdb702f
2026-07-03,12PM,2026-07-03|Anguilla|12PM,2026-07-03 11:21:00,2026-07-03 12:21:19,75,98,04,75|98|04,1ra,2da,3ra,02|68|17,02|68|17|90|60|62|95|35|81|32|86|58,,0,0,0,,,,,,0,0,0,EDGE MODERADO,0.689634,2.037136,0.000452,7.319195,6338,1665,1,127c6e2fafd95dc21e8a874c0c61c11c
2026-07-03,1PM,2026-07-03|Anguilla|1PM,2026-07-03 12:20:59,2026-07-03 13:21:19,80,14,47,80|14|47,1ra,2da,3ra,54|96|24,54|96|24|19|14|06|34|71|13|48|99|67,,0,1,0,,14,,,14:2da,0,1,0,EDGE REAL,0.743657,2.189637,0.000609,8.930169,6339,1701,1,c17c2a3f4d435a43470adb95087233a1
2026-07-03,2PM,2026-07-03|Anguilla|2PM,2026-07-03 13:21:00,2026-07-03 14:21:20,27,94,52,27|94|52,1ra,2da,3ra,50|99|71,50|99|71|88|91|53|41|76|16|39|62|57,,0,0,0,,,,,,0,0,0,EDGE REAL,0.744066,2.218633,0.000552,9.249189,6340,1728,1,db1e76c6f221fe9408ecf93b0080598e
2026-07-03,3PM,2026-07-03|Anguilla|3PM,2026-07-03 14:21:02,2026-07-03 15:21:17,06,91,85,06|91|85,1ra,2da,3ra,03|29|53,03|29|53|26|86|96|44|23|20|77|88|87,,0,0,0,,,,,,0,0,0,EDGE MODERADO,0.668294,2.346112,0.000621,10.649519,6341,1755,1,dae32047c0239f30ffea3569d1ee07bc
2026-07-03,4PM,2026-07-03|Anguilla|4PM,2026-07-03 15:20:58,2026-07-03 16:21:21,36,38,53,36|38|53,1ra,2da,3ra,96|62|53,96|62|53|48|60|58|39|21|13|51|34|68,,1,1,0,53,53,,53:3ra,53:3ra,1,1,0,NO JUGAR,0.637443,2.166496,0.000523,8.686808,6342,1776,1,9c3a2d2164d262b1e6d54b52ee699dba
2026-07-03,5PM,2026-07-03|Anguilla|5PM,2026-07-03 16:21:02,2026-07-03 17:21:20,33,11,88,33|11|88,1ra,2da,3ra,71|40|52,71|40|52|34|05|74|96|86|47|28|73|41,,0,0,0,,,,,,0,0,0,EDGE MODERADO,0.870275,2.243793,0.000475,8.02129,6343,1702,1,77d1b4cdf5d98e7f1e5af9dc4fc85e84
2026-07-03,6PM,2026-07-03|Anguilla|6PM,2026-07-03 17:21:01,2026-07-03 18:21:21,01,82,35,01|82|35,1ra,2da,3ra,89|61|16,89|61|16|81|23|13|95|08|47|29|11|90,,0,0,0,,,,,,0,0,0,EDGE REAL,0.830921,2.422034,0.000715,12.413933,6344,1659,1,64d677390a7bfe3ee4e4ce94f3eaefee
2026-07-03,7PM,2026-07-03|Anguilla|7PM,2026-07-03 18:21:02,2026-07-03 19:21:19,95,09,62,95|09|62,1ra,2da,3ra,34|24|61,34|24|61|18|02|32|43|58|55|77|53|70,,0,0,0,,,,,,0,0,0,NO JUGAR,0.638534,1.943115,0.000778,5.075682,6345,1620,1,41199a4dfad275cbc7a53af68e6c7aaa
2026-07-03,8AM,2026-07-03|Anguilla|8AM,2026-07-03 07:21:01,2026-07-03 08:21:17,74,11,00,74|11|00,1ra,2da,3ra,80|48|68,80|48|68|04|86|13|55|75|88|51|56|18,,0,0,0,,,,,,0,0,0,NO JUGAR,0.625743,1.881759,0.000518,5.283088,6334,1729,0,2b5b44d11f4f4d7ee0e6dc5c10ca5387
2026-07-03,8PM,2026-07-03|Anguilla|8PM,2026-07-03 19:21:00,2026-07-03 20:21:18,10,11,03,10|11|03,1ra,2da,3ra,38|83|44,38|83|44|96|48|19|53|71|93|07|33|46,,0,0,0,,,,,,0,0,0,EDGE REAL,0.802795,2.325607,0.000561,9.600043,6346,1639,1,51f852b868c3faef59130d9dbfaa6666
2026-07-03,9AM,2026-07-03|Anguilla|9AM,2026-07-03 08:20:59,2026-07-03 09:21:18,96,90,32,96|90|32,1ra,2da,3ra,14|33|60,14|33|60|16|53|47|37|45|92|38|32|30,,0,1,0,,32,,,32:3ra,0,1,0,NO JUGAR,0.643377,2.033708,0.000342,5.552113,6335,1677,1,319302a1096c29b0d27615deec4af150
2026-07-03,9PM,2026-07-03|Anguilla|9PM,2026-07-03 20:20:59,2026-07-03 21:21:23,18,00,88,18|00|88,1ra,2da,3ra,09|86|91,09|86|91|56|63|39|40|13|24|96|72|20,,0,0,0,,,,,,0,0,0,NO JUGAR,0.72784,1.823676,0.000307,3.540444,6347,1645,1,c32124c5b0b5d3b1c6e8cc4bfd29d736
2026-07-04,10AM,2026-07-04|Anguilla|10AM,2026-07-04 09:21:01,2026-07-04 10:21:19,10,33,22,10|33|22,1ra,2da,3ra,41|71|15,41|71|15|62|42|29|05|28|75|85|08|87,,0,0,0,,,,,,0,0,0,EDGE REAL,0.753366,2.22348,0.000643,10.777219,6351,1715,1,a61fd7d1b677927f10d1fca1f50fc3c5
2026-07-04,10PM,2026-07-04|Anguilla|10PM,2026-07-04 21:21:05,2026-07-04 22:21:21,44,87,11,44|87|11,1ra,2da,3ra,91|56|24,91|56|24|57|44|38|15|09|39|00|71|33,,0,1,0,,44,,,44:1ra,0,1,0,EDGE REAL,0.765384,2.274357,0.000627,10.644825,6363,1700,1,dba4ba82eb72501f1b0070e23845a017
2026-07-04,11AM,2026-07-04|Anguilla|11AM,2026-07-04 10:21:01,2026-07-04 11:21:22,01,18,14,01|18|14,1ra,2da,3ra,90|24|01,90|24|01|34|76|37|00|51|43|71|56|82,,1,1,0,01,01,,01:1ra,01:1ra,1,1,0,EDGE REAL,0.74853,2.506709,0.000707,12.467175,6352,1704,1,84e11ed16029ba66f8eb4c2731bfed2d
2026-07-04,12PM,2026-07-04|Anguilla|12PM,2026-07-04 11:21:02,2026-07-04 12:21:19,84,38,38,84|38|38,1ra,2da,3ra,51|60|75,51|60|75|82|22|69|38|41|14|98|10|72,,0,1,0,,38,,,38:3ra,0,1,0,EDGE MODERADO,0.743164,2.193715,0.000494,8.263169,6353,1711,1,741aa696d86117843cebf729fcf22f39
2026-07-04,1PM,2026-07-04|Anguilla|1PM,2026-07-04 12:20:59,2026-07-04 13:21:18,88,18,42,88|18|42,1ra,2da,3ra,41|71|38,41|71|38|61|40|28|82|98|72|60|04|55,,0,0,0,,,,,,0,0,0,NO JUGAR,0.691548,1.806054,0.000297,4.602933,6354,1680,1,3012389ed2981c415f0ab004ab32ceeb
2026-07-04,2PM,2026-07-04|Anguilla|2PM,2026-07-04 13:21:00,2026-07-04 14:21:19,20,26,63,20|26|63,1ra,2da,3ra,25|13|26,25|13|26|86|27|28|37|60|06|91|78|12,,1,1,0,26,26,,26:2da,26:2da,1,1,0,EDGE REAL,0.85883,2.376589,0.000826,10.98954,6355,1653,1,fd29f7a164fe1d5f4c219941759a45c9
2026-07-04,3PM,2026-07-04|Anguilla|3PM,2026-07-04 14:21:00,2026-07-04 15:21:21,12,55,11,12|55|11,1ra,2da,3ra,29|61|09,29|61|09|44|67|40|42|78|65|69|16|11,,0,1,0,,11,,,11:3ra,0,1,0,NO JUGAR,0.675461,1.724175,0.000211,3.230299,6356,1678,1,a91bc0e79802c9e178bd63ea26412532
2026-07-04,4PM,2026-07-04|Anguilla|4PM,2026-07-04 15:21:02,2026-07-04 16:21:23,37,67,68,37|67|68,1ra,2da,3ra,74|19|21,74|19|21|02|90|25|18|65|44|95|36|89,,0,0,0,,,,,,0,0,0,NO JUGAR,0.635985,2.233162,0.000469,7.916158,6357,1689,1,87cc407eedd39564b30d35d4b40a418f
2026-07-04,5PM,2026-07-04|Anguilla|5PM,2026-07-04 16:21:04,2026-07-04 17:21:21,71,85,31,71|85|31,1ra,2da,3ra,81|10|50,81|10|50|30|66|56|64|61|93|03|80|91,,0,0,0,,,,,,0,0,0,EDGE REAL,0.915904,2.235946,0.00056,9.440874,6358,1713,1,854d40a2a6b4c08d5b298d8de2c56f03
2026-07-04,6PM,2026-07-04|Anguilla|6PM,2026-07-04 17:21:02,2026-07-04 18:21:21,64,69,27,64|69|27,1ra,2da,3ra,47|14|54,47|14|54|00|41|87|59|06|73|28|81|76,,0,0,0,,,,,,0,0,0,NO JUGAR,0.642456,2.281174,0.000685,11.654768,6359,1670,1,dc1b1ad92601accc429c7d4a4f8393b0
2026-07-04,7PM,2026-07-04|Anguilla|7PM,2026-07-04 18:21:02,2026-07-04 19:21:19,75,56,86,75|56|86,1ra,2da,3ra,18|29|85,18|29|85|58|51|25|65|55|62|54|73|83,,0,0,0,,,,,,0,0,0,NO JUGAR,0.629442,1.79449,0.000278,4.114542,6360,1670,1,ce024cd5b2b1e0b7ea8ee08489881029
2026-07-04,8AM,2026-07-04|Anguilla|8AM,2026-07-04 07:20:59,2026-07-04 08:21:18,72,19,64,72|19|64,1ra,2da,3ra,18|76|83,18|76|83|73|40|66|50|29|11|45|58|17,,0,0,0,,,,,,0,0,0,EDGE MODERADO,0.821057,1.965856,0.000496,5.874844,6349,1727,0,6495584d2aa37eed36caa716de6db6b6
2026-07-04,8PM,2026-07-04|Anguilla|8PM,2026-07-04 19:20:59,2026-07-04 20:21:19,07,09,01,07|09|01,1ra,2da,3ra,32|52|80,32|52|80|89|05|70|09|62|55|57|72|68,,0,1,0,,09,,,09:2da,0,1,0,EDGE REAL,0.863306,2.700242,0.000872,15.868256,6361,1671,1,ecc35071caa1f9521790b58ad8b8bff4
2026-07-04,9AM,2026-07-04|Anguilla|9AM,2026-07-04 08:20:59,2026-07-04 09:21:19,56,25,50,56|25|50,1ra,2da,3ra,44|68|81,44|68|81|38|33|77|09|93|74|25|88|83,,0,1,0,,25,,,25:2da,0,1,0,NO JUGAR,0.66784,2.052118,0.000386,6.285604,6350,1700,1,7e3817edbbe70b822d2dd78a0a48aaa8
2026-07-04,9PM,2026-07-04|Anguilla|9PM,2026-07-04 20:21:01,2026-07-04 21:21:24,40,26,51,40|26|51,1ra,2da,3ra,76|48|56,76|48|56|91|22|20|97|83|00|86|57|10,,0,0,0,,,,,,0,0,0,NO JUGAR,0.664732,2.011117,0.000405,6.577926,6362,1700,1,8c200b78cb98b5e164ed1363bd9f975a
2026-07-05,10AM,2026-07-05|Anguilla|10AM,2026-07-05 09:21:00,2026-07-05 10:21:22,65,83,97,65|83|97,1ra,2da,3ra,06|48|13,06|48|13|81|94|96|65|91|62|76|43|86,,0,1,0,,65,,,65:1ra,0,1,0,NO JUGAR,0.757316,2.031108,0.000436,6.67343,6366,1685,1,a33be8e56fbc561144a9b5b24851e30e
2026-07-05,10PM,2026-07-05|Anguilla|10PM,2026-07-05 21:21:05,2026-07-05 22:21:21,78,31,70,78|31|70,1ra,2da,3ra,06|38|23,06|38|23|02|91|89|64|78|50|32|76|42,,0,1,0,,78,,,78:1ra,0,1,0,EDGE REAL,0.833067,2.526441,0.000771,13.693261,6378,1763,1,b5b16ed73daa1c2078ca07962afed547
2026-07-05,11AM,2026-07-05|Anguilla|11AM,2026-07-05 10:21:04,2026-07-05 11:21:21,49,64,07,49|64|07,1ra,2da,3ra,16|61|95,16|61|95|72|40|04|64|43|78|54|11|89,,0,1,0,,64,,,64:2da,0,1,0,EDGE REAL,0.848513,2.362815,0.000578,9.977976,6367,1712,1,14addd819382ab5fa9840c72050c1723
2026-07-05,12PM,2026-07-05|Anguilla|12PM,2026-07-05 11:21:02,2026-07-05 12:21:18,58,91,88,58|91|88,1ra,2da,3ra,00|32|17,00|32|17|02|38|19|56|27|84|64|43|55,,0,0,0,,,,,,0,0,0,EDGE MODERADO,0.688161,2.201659,0.000454,7.628507,6368,1648,1,323a9fb67bd24938cbcb7182fd4307ca
2026-07-05,1PM,2026-07-05|Anguilla|1PM,2026-07-05 12:20:59,2026-07-05 13:21:20,66,33,10,66|33|10,1ra,2da,3ra,77|13|17,77|13|17|23|09|35|90|18|91|05|97|62,,0,0,0,,,,,,0,0,0,EDGE MODERADO,0.692875,2.421565,0.000872,15.161475,6369,1726,1,0d0905330b98c427e194fbf25b259843
2026-07-05,2PM,2026-07-05|Anguilla|2PM,2026-07-05 13:21:00,2026-07-05 14:21:21,57,15,76,57|15|76,1ra,2da,3ra,17|56|21,17|56|21|25|38|82|90|29|69|59|74|96,,0,0,0,,,,,,0,0,0,EDGE MODERADO,0.670894,2.114226,0.000492,8.12444,6370,1745,1,194624e7e111ed25bf604bb288f5a235
2026-07-05,3PM,2026-07-05|Anguilla|3PM,2026-07-05 14:21:02,2026-07-05 15:21:21,86,56,43,86|56|43,1ra,2da,3ra,02|38|70,02|38|70|69|51|07|97|39|72|71|84|81,,0,0,0,,,,,,0,0,0,EDGE REAL,0.757549,2.656866,0.000973,17.592235,6371,1812,1,743ddf3649f32fc79cc44c6059546b41
2026-07-05,4PM,2026-07-05|Anguilla|4PM,2026-07-05 15:21:02,2026-07-05 16:22:55,85,17,27,85|17|27,1ra,2da,3ra,82|32|29,82|32|29|41|48|62|80|09|94|85|49|20,,0,1,0,,85,,,85:1ra,0,1,0,EDGE REAL,0.865987,2.455491,0.000569,10.010679,6372,1749,1,0eb0d2a46f8291912582a84dcbeb0393
2026-07-05,5PM,2026-07-05|Anguilla|5PM,2026-07-05 16:22:36,2026-07-05 17:21:18,42,36,25,42|36|25,1ra,2da,3ra,69|00|67,69|00|67|29|51|12|54|48|77|55|08|14,,0,0,0,,,,,,0,0,0,NO JUGAR,0.646653,2.003878,0.000396,6.414099,6373,1715,1,a8685147af8ef7665ae6fbfcc226d8e7
2026-07-05,6PM,2026-07-05|Anguilla|6PM,2026-07-05 17:20:59,2026-07-05 18:21:21,09,18,31,09|18|31,1ra,2da,3ra,39|71|74,39|71|74|75|81|44|00|27|43|22|25|90,,0,0,0,,,,,,0,0,0,EDGE REAL,0.774878,2.696277,0.000868,15.81825,6374,1645,1,a2d98ebc687d7b437ead19bb4593bf93
2026-07-05,7PM,2026-07-05|Anguilla|7PM,2026-07-05 18:21:02,2026-07-05 19:21:20,87,91,20,87|91|20,1ra,2da,3ra,89|55|22,89|55|22|76|14|33|32|81|26|19|08|37,,0,0,0,,,,,,0,0,0,NO JUGAR,0.645203,2.408907,0.000704,12.252446,6375,1669,1,b60b4d5ef37b04a7833057bc0d7dafb2
2026-07-05,8AM,2026-07-05|Anguilla|8AM,2026-07-05 07:20:59,2026-07-05 08:21:22,06,52,48,06|52|48,1ra,2da,3ra,25|63|62,25|63|62|22|03|93|82|28|20|04|64|92,,0,0,0,,,,,,0,0,0,EDGE MODERADO,0.698494,1.952474,0.000829,5.425036,6364,1684,0,e04b5e8c2f96a24afbf701a3fab758ed
2026-07-05,8PM,2026-07-05|Anguilla|8PM,2026-07-05 19:21:01,2026-07-05 20:21:21,65,81,98,65|81|98,1ra,2da,3ra,40|11|39,40|11|39|49|13|24|34|67|79|62|23|42,,0,0,0,,,,,,0,0,0,EDGE REAL,0.721898,2.308986,0.000598,10.239127,6376,1688,1,cc332c5fe71cdf33d78fd52d6dec7c21
2026-07-05,9AM,2026-07-05|Anguilla|9AM,2026-07-05 08:21:02,2026-07-05 09:21:19,36,97,43,36|97|43,1ra,2da,3ra,62|96|58,62|96|58|93|79|94|64|47|07|42|66|63,,0,0,0,,,,,,0,0,0,NO JUGAR,0.690363,2.000175,0.000345,4.746455,6365,1729,1,9015938e54c1fc0d11a0366a90077407
2026-07-05,9PM,2026-07-05|Anguilla|9PM,2026-07-05 20:21:02,2026-07-05 21:21:26,54,47,07,54|47|07,1ra,2da,3ra,49|25|72,49|25|72|89|09|24|74|71|02|84|62|95,,0,0,0,,,,,,0,0,0,EDGE MODERADO,0.672671,2.314532,0.000457,7.861125,6377,1735,1,f361f6dc5b21a97925a7d083942053ce
2026-07-06,10AM,2026-07-06|Anguilla|10AM,2026-07-06 09:21:01,2026-07-06 10:21:19,51,38,47,51|38|47,1ra,2da,3ra,01|43|44,01|43|44|28|45|79|62|41|10|07|30|02,,0,0,0,,,,,,0,0,0,NO JUGAR,0.698622,1.792416,0.00022,3.384088,6381,1702,1,95a44c3632d9c9fa4ca230323319c33d
2026-07-06,10PM,2026-07-06|Anguilla|10PM,2026-07-06 21:21:02,2026-07-06 22:21:19,61,84,38,61|84|38,1ra,2da,3ra,72|77|18,72|77|18|07|27|33|74|10|01|61|48|47,,0,1,0,,61,,,61:1ra,0,1,0,EDGE MODERADO,0.693972,2.509102,0.000703,12.492251,6393,1705,1,37848317c5e19106fc953309f74f7f31
2026-07-06,11AM,2026-07-06|Anguilla|11AM,2026-07-06 10:21:00,2026-07-06 11:21:21,00,72,78,00|72|78,1ra,2da,3ra,92|55|52,92|55|52|20|91|77|46|54|59|61|25|76,,0,0,0,,,,,,0,0,0,NO JUGAR,0.735384,2.021598,0.000369,6.017657,6382,1729,1,4d267e5e5b11b7755bbcef83b7f9411a
2026-07-06,12PM,2026-07-06|Anguilla|12PM,2026-07-06 11:21:03,2026-07-06 12:21:21,85,11,37,85|11|37,1ra,2da,3ra,29|28|06,29|28|06|37|86|47|20|77|90|43|12|79,,0,1,0,,37,,,37:3ra,0,1,0,NO JUGAR,0.889012,2.009301,0.000437,5.915851,6383,1706,1,7d90ae2328e378d1872909b0bb7f4d59
2026-07-06,1PM,2026-07-06|Anguilla|1PM,2026-07-06 12:21:03,2026-07-06 13:21:24,94,55,10,94|55|10,1ra,2da,3ra,95|47|62,95|47|62|85|29|75|74|58|84|99|86|54,,0,0,0,,,,,,0,0,0,NO JUGAR,0.767455,1.959605,0.000309,4.971833,6384,1731,1,0c1518f30641d07c53a18863116b9d9e
2026-07-06,2PM,2026-07-06|Anguilla|2PM,2026-07-06 13:21:04,2026-07-06 14:21:20,86,18,48,86|18|48,1ra,2da,3ra,86|24|54,86|24|54|56|69|47|99|15|04|28|50|00,,1,1,0,86,86,,86:1ra,86:1ra,1,1,0,EDGE MODERADO,0.694593,2.190207,0.00049,8.236175,6385,1753,1,9ca76edfd9223589540877791c3dbe89
2026-07-06,3PM,2026-07-06|Anguilla|3PM,2026-07-06 14:21:01,2026-07-06 15:21:18,26,08,80,26|08|80,1ra,2da,3ra,38|52|09,38|52|09|76|32|57|85|80|69|95|66|83,,0,1,0,,80,,,80:3ra,0,1,0,EDGE REAL,0.778123,2.288384,0.000586,10.01477,6386,1753,1,d1d93e16a5b372d6d4250b8eb9e6682e
2026-07-06,4PM,2026-07-06|Anguilla|4PM,2026-07-06 15:20:59,2026-07-06 16:21:20,30,00,81,30|00|81,1ra,2da,3ra,69|20|14,69|20|14|48|32|88|09|10|27|49|71|40,,0,0,0,,,,,,0,0,0,NO JUGAR,0.710053,1.987806,0.000354,5.729421,6387,1763,1,9a28eace803ce3a4fd617c9dd30787ae
2026-07-06,5PM,2026-07-06|Anguilla|5PM,2026-07-06 16:21:01,2026-07-06 17:21:19,33,28,97,33|28|97,1ra,2da,3ra,95|09|39,95|09|39|37|36|06|82|33|25|57|44|49,,0,1,0,,33,,,33:1ra,0,1,0,NO JUGAR,0.621062,2.023498,0.00037,6.034071,6388,1720,1,e11121e0595e2f353d29ce38d095bbfc
2026-07-06,6PM,2026-07-06|Anguilla|6PM,2026-07-06 17:21:01,2026-07-06 18:21:18,81,09,19,81|09|19,1ra,2da,3ra,32|48|86,32|48|86|99|08|77|84|66|18|42|74|79,,0,0,0,,,,,,0,0,0,NO JUGAR,0.613476,2.042519,0.000793,5.623624,6389,1722,1,64616be139ff99dd7a97f6288d746b29
2026-07-06,7PM,2026-07-06|Anguilla|7PM,2026-07-06 18:20:59,2026-07-06 19:21:19,65,19,61,65|19|61,1ra,2da,3ra,39|37|32,39|37|32|08|83|09|96|00|44|33|60|16,,0,0,0,,,,,,0,0,0,NO JUGAR,0.620042,1.908032,0.000542,5.045075,6390,1687,1,48ddb5ea2be19948e918433c32a7d615
2026-07-06,8AM,2026-07-06|Anguilla|8AM,2026-07-06 07:21:00,2026-07-06 08:21:17,48,64,17,48|64|17,1ra,2da,3ra,07|96|36,07|96|36|77|79|27|08|40|91|42|10|29,,0,0,0,,,,,,0,0,0,NO JUGAR,0.687328,1.934629,0.000341,5.414912,6379,1731,0,2ae5699fdc5f0f0af5b3e24c78114ea2
2026-07-06,8PM,2026-07-06|Anguilla|8PM,2026-07-06 19:20:59,2026-07-06 20:21:20,08,74,05,08|74|05,1ra,2da,3ra,34|89|76,34|89|76|59|04|19|23|32|84|16|62|66,,0,0,0,,,,,,0,0,0,EDGE MODERADO,0.662817,2.447977,0.000564,9.937979,6391,1676,1,30a21b56c1914da75036d97217149546
2026-07-06,9AM,2026-07-06|Anguilla|9AM,2026-07-06 08:20:58,2026-07-06 09:21:20,16,22,70,16|22|70,1ra,2da,3ra,77|25|08,77|25|08|99|86|04|85|80|62|83|39|50,,0,0,0,,,,,,0,0,0,EDGE MODERADO,0.709171,1.973775,0.000525,6.660757,6380,1735,1,85bb2e66f3700e51fa8cb4034f95c452
2026-07-06,9PM,2026-07-06|Anguilla|9PM,2026-07-06 20:21:00,2026-07-06 21:21:23,80,69,28,80|69|28,1ra,2da,3ra,85|33|08,85|33|08|75|60|01|91|39|81|37|95|22,,0,0,0,,,,,,0,0,0,NO JUGAR,0.646312,2.541007,0.00072,12.86072,6392,1679,1,4293628c4e0fe5362de14689de3c2287
2026-07-07,10AM,2026-07-07|Anguilla|10AM,2026-07-07 09:20:59,2026-07-07 10:21:21,17,53,46,17|53|46,1ra,2da,3ra,32|66|15,32|66|15|28|16|71|78|09|23|70|65|52,,0,0,0,,,,,,0,0,0,EDGE REAL,0.864285,2.36283,0.000625,10.840636,6396,1662,1,a0af42bfeb6759d9403fbd663611fddb
2026-07-07,10PM,2026-07-07|Anguilla|10PM,2026-07-07 21:21:02,2026-07-07 22:21:22,34,23,39,34|23|39,1ra,2da,3ra,99|57|34,99|57|34|67|56|96|54|83|80|71|19|62,,1,1,0,34,34,,34:1ra,34:1ra,1,1,0,EDGE REAL,0.730012,2.593714,0.000987,17.759923,6408,1756,1,a1005f2088c55741ccd455aefaa97301
2026-07-07,11AM,2026-07-07|Anguilla|11AM,2026-07-07 10:21:02,2026-07-07 11:21:22,44,89,49,44|89|49,1ra,2da,3ra,08|33|80,08|33|80|86|47|83|27|93|96|38|59|71,,0,0,0,,,,,,0,0,0,EDGE REAL,0.725194,2.77919,0.001046,19.350655,6397,1648,1,a15948aba97150b3e64c93052024d266
2026-07-07,12PM,2026-07-07|Anguilla|12PM,2026-07-07 11:21:03,2026-07-07 12:21:22,07,36,63,07|36|63,1ra,2da,3ra,69|28|89,69|28|89|82|29|22|71|44|34|81|47|27,,0,0,0,,,,,,0,0,0,NO JUGAR,0.7628,2.127831,0.000423,6.957566,6398,1608,1,0d149e22a1c3ef41c949a64aba7ebd68
2026-07-07,1PM,2026-07-07|Anguilla|1PM,2026-07-07 12:21:03,2026-07-07 13:21:21,33,78,80,33|78|80,1ra,2da,3ra,94|20|55,94|20|55|74|70|52|14|23|09|48|66|06,,0,0,0,,,,,,0,0,0,EDGE REAL,0.70178,2.366494,0.000677,11.747832,6399,1634,1,23c1ffe1402dc150965df6da4206493e
2026-07-07,2PM,2026-07-07|Anguilla|2PM,2026-07-07 13:21:01,2026-07-07 14:21:18,19,74,28,19|74|28,1ra,2da,3ra,29|34|19,29|34|19|20|90|64|27|08|37|13|43|69,,1,1,0,19,19,,19:1ra,19:1ra,1,1,0,NO JUGAR,0.624514,1.929824,0.000326,5.233399,6400,1712,1,51ec0f996fcc8ce5f1ee457230bc67f6
2026-07-07,3PM,2026-07-07|Anguilla|3PM,2026-07-07 14:20:59,2026-07-07 15:21:21,02,04,67,02|04|67,1ra,2da,3ra,81|39|32,81|39|32|74|22|94|87|88|46|86|24|96,,0,0,0,,,,,,0,0,0,NO JUGAR,0.617559,2.003704,0.00043,6.414672,6401,1714,1,0495eb03e2d5ebdcf8eea3fc6dc5b55e
2026-07-07,4PM,2026-07-07|Anguilla|4PM,2026-07-07 15:21:02,2026-07-07 16:21:19,48,14,45,48|14|45,1ra,2da,3ra,41|44|60,41|44|60|47|50|68|56|02|18|32|12|03,,0,0,0,,,,,,0,0,0,NO JUGAR,0.60023,1.793068,0.00055,4.652381,6402,1681,1,ee885763ebbc277abfee139d4afcb28d
2026-07-07,5PM,2026-07-07|Anguilla|5PM,2026-07-07 16:21:00,2026-07-07 17:21:21,70,88,92,70|88|92,1ra,2da,3ra,92|62|67,92|62|67|23|76|58|68|05|50|51|96|01,,1,1,0,92,92,,92:3ra,92:3ra,1,1,0,NO JUGAR,0.684483,1.912885,0.000288,4.609906,6403,1654,1,5d046977f545c32ca1fc3aa2b3c95648
2026-07-07,6PM,2026-07-07|Anguilla|6PM,2026-07-07 17:21:02,2026-07-07 18:21:17,94,82,11,94|82|11,1ra,2da,3ra,42|84|34,42|84|34|40|36|54|30|58|76|06|65|48,,0,0,0,,,,,,0,0,0,EDGE REAL,0.81715,2.453248,0.000619,10.922121,6404,1686,1,3568b7bb7d7c0b71f380cf518fe9d972
2026-07-07,7PM,2026-07-07|Anguilla|7PM,2026-07-07 18:20:59,2026-07-07 19:21:20,02,35,47,02|35|47,1ra,2da,3ra,77|99|59,77|99|59|57|44|54|55|92|52|27|73|86,,0,0,0,,,,,,0,0,0,NO JUGAR,0.638808,1.962177,0.000932,6.541868,6405,1710,1,2bbc6121d9bd7c237180a5362142d57f
2026-07-07,8AM,2026-07-07|Anguilla|8AM,2026-07-07 07:20:58,2026-07-07 08:21:21,24,58,81,24|58|81,1ra,2da,3ra,05|70|09,05|70|09|88|82|98|16|96|92|83|02|97,,0,0,0,,,,,,0,0,0,NO JUGAR,0.599585,1.849872,0.000891,5.865977,6394,1688,0,b1f66fcdea33e562ae02479a9514bfd8
2026-07-07,8PM,2026-07-07|Anguilla|8PM,2026-07-07 19:20:59,2026-07-07 20:21:20,84,41,29,84|41|29,1ra,2da,3ra,52|19|02,52|19|02|53|62|95|58|24|82|50|64|44,,0,0,0,,,,,,0,0,0,NO JUGAR,0.674538,1.977466,0.000447,7.234227,6406,1730,1,7a56dabec855e77e2699fa87482d1f6b
2026-07-07,9AM,2026-07-07|Anguilla|9AM,2026-07-07 08:21:01,2026-07-07 09:21:18,93,07,44,93|07|44,1ra,2da,3ra,75|13|09,75|13|09|32|84|76|38|91|95|53|56|86,,0,0,0,,,,,,0,0,0,EDGE MODERADO,0.656904,2.552894,0.000785,14.030371,6395,1697,1,9322808010a02374a235ab01c10f037d
2026-07-07,9PM,2026-07-07|Anguilla|9PM,2026-07-07 20:21:01,2026-07-07 21:21:22,40,95,75,40|95|75,1ra,2da,3ra,67|70|28,67|70|28|38|52|98|12|83|76|00|80|87,,0,0,0,,,,,,0,0,0,NO JUGAR,0.686129,2.0806,0.000358,5.92512,6407,1743,1,ff988d7de6c3ead9445fd913ccbc1c15
2026-07-08,10AM,2026-07-08|Anguilla|10AM,2026-07-08 09:21:00,2026-07-08 10:21:23,69,11,94,69|11|94,1ra,2da,3ra,81|87|49,81|87|49|76|94|13|30|65|99|25|56|97,,0,1,0,,94,,,94:3ra,0,1,0,EDGE MODERADO,0.732961,2.248093,0.000527,8.881894,6411,1675,1,17f4c55fd112700d1e1c48b593636680
2026-07-08,10PM,2026-07-08|Anguilla|10PM,2026-07-08 21:21:03,2026-07-08 22:21:32,34,98,26,34|98|26,1ra,2da,3ra,38|18|96,38|18|96|25|33|73|22|32|45|44|35|40,,0,0,0,,,,,,0,0,0,EDGE MODERADO,0.719589,2.277659,0.00053,9.108141,6423,1688,1,7931ee17065dc63c27c2eae66f44e751
2026-07-08,11AM,2026-07-08|Anguilla|11AM,2026-07-08 10:21:03,2026-07-08 11:21:18,07,51,47,07|51|47,1ra,2da,3ra,16|20|47,16|20|47|54|87|45|27|79|78|40|64|49,,1,1,0,47,47,,47:3ra,47:3ra,1,1,0,EDGE MODERADO,0.720801,2.227866,0.000463,7.868838,6412,1683,1,19350c10e9ac0856666bc68649a181b7
2026-07-08,12PM,2026-07-08|Anguilla|12PM,2026-07-08 11:21:00,2026-07-08 12:21:21,71,67,04,71|67|04,1ra,2da,3ra,76|24|38,76|24|38|52|70|91|94|31|55|26|62|78,,0,0,0,,,,,,0,0,0,NO JUGAR,0.635556,1.804954,0.000298,4.672659,6413,1738,1,9b47cd5876a7ffa4e30cfcf5bf45f331
2026-07-08,1PM,2026-07-08|Anguilla|1PM,2026-07-08 12:21:02,2026-07-08 13:21:21,59,53,37,59|53|37,1ra,2da,3ra,52|96|53,52|96|53|66|76|28|10|93|14|98|22|91,,1,1,0,53,53,,53:2da,53:2da,1,1,0,NO JUGAR,0.61649,1.992647,0.000388,6.314097,6414,1693,1,191d4030118a76ad340e337e98eb8fe6
2026-07-08,2PM,2026-07-08|Anguilla|2PM,2026-07-08 13:21:01,2026-07-08 14:21:23,49,32,52,49|32|52,1ra,2da,3ra,62|99|86,62|99|86|06|47|25|09|70|94|20|93|00,,0,0,0,,,,,,0,0,0,EDGE REAL,1.092895,2.132646,0.000679,6.712884,6415,1668,1,5684a3bd16597834446ae336a74a879b
2026-07-08,3PM,2026-07-08|Anguilla|3PM,2026-07-08 14:21:04,2026-07-08 15:21:21,28,78,43,28|78|43,1ra,2da,3ra,47|38|34,47|38|34|31|29|56|48|68|95|96|01|27,,0,0,0,,,,,,0,0,0,EDGE MODERADO,0.684018,2.373275,0.000788,13.727008,6416,1628,1,0c928933ce995461e3ce41723c6edd65
2026-07-08,4PM,2026-07-08|Anguilla|4PM,2026-07-08 15:21:02,2026-07-08 16:21:19,03,53,54,03|53|54,1ra,2da,3ra,14|74|09,14|74|09|96|86|39|13|34|68|95|55|79,,0,0,0,,,,,,0,0,0,NO JUGAR,0.673386,1.85618,0.000427,4.186366,6417,1652,1,459165c1fa073fc44ba53e4007ab3438
2026-07-08,5PM,2026-07-08|Anguilla|5PM,2026-07-08 16:21:00,2026-07-08 17:21:20,08,50,32,08|50|32,1ra,2da,3ra,86|64|68,86|64|68|32|85|02|38|40|24|18|95|17,,0,1,0,,32,,,32:3ra,0,1,0,NO JUGAR,0.661826,2.151722,0.000427,7.178598,6418,1640,1,abe2bdef103d2b05e2197f1806f1ec8a
2026-07-08,6PM,2026-07-08|Anguilla|6PM,2026-07-08 17:21:01,2026-07-08 18:21:44,13,44,80,13|44|80,1ra,2da,3ra,22|60|94,22|60|94|36|14|17|10|93|15|59|00|68,,0,0,0,,,,,,0,0,0,EDGE MODERADO,0.673611,2.561452,0.000612,11.027867,6419,1661,1,e25d1f6e0e96d305b84ffa852e75c164
2026-07-08,7PM,2026-07-08|Anguilla|7PM,2026-07-08 18:21:25,2026-07-08 19:23:00,66,88,67,66|88|67,1ra,2da,3ra,70|61|09,70|61|09|08|59|05|34|57|23|53|74|71,,0,0,0,,,,,,0,0,0,NO JUGAR,0.639577,2.428445,0.000605,10.661369,6420,1704,1,c4805e8d2791254a7201018ed6707e58
2026-07-08,8AM,2026-07-08|Anguilla|8AM,2026-07-08 07:21:02,2026-07-08 08:21:21,12,46,31,12|46|31,1ra,2da,3ra,13|15|52,13|15|52|04|72|25|47|91|93|05|48|36,,0,0,0,,,,,,0,0,0,EDGE MODERADO,0.67698,1.9096,0.000516,4.589645,6409,1733,0,dec5974074fc6e0b2f55136623107d67
2026-07-08,8PM,2026-07-08|Anguilla|8PM,2026-07-08 19:22:42,2026-07-08 20:21:19,01,88,89,01|88|89,1ra,2da,3ra,03|47|64,03|47|64|13|21|82|73|20|17|88|91|23,,0,1,0,,88,,,88:2da,0,1,0,EDGE REAL,0.875804,2.403761,0.000644,11.300069,6421,1734,1,9f7c8a9978bf1909d87a92f8c9239200
2026-07-08,9AM,2026-07-08|Anguilla|9AM,2026-07-08 08:21:02,2026-07-08 09:21:19,37,36,97,37|36|97,1ra,2da,3ra,32|53|78,32|53|78|79|27|22|57|33|41|42|43|44,,0,0,0,,,,,,0,0,0,EDGE REAL,0.710695,2.615437,0.000696,12.632137,6410,1684,1,6203e506a2d18a86e01c72d144deb0d6
2026-07-08,9PM,2026-07-08|Anguilla|9PM,2026-07-08 20:21:00,2026-07-08 21:21:23,21,98,04,21|98|04,1ra,2da,3ra,54|32|69,54|32|69|00|17|53|75|62|89|81|35|47,,0,0,0,,,,,,0,0,0,EDGE MODERADO,0.74461,2.184468,0.000526,8.870825,6422,1723,1,b16ec416bcd686ee0b62fb0aa74c6fda
2026-07-09,10AM,2026-07-09|Anguilla|10AM,2026-07-09 09:21:04,2026-07-09 10:21:20,28,72,95,28|72|95,1ra,2da,3ra,49|47|80,49|47|80|82|18|86|77|87|45|03|50|38,,0,0,0,,,,,,0,0,0,NO JUGAR,0.683011,1.997979,0.000266,4.29393,6426,1660,1,eefec688c0ab4370f6f9afd6ba6c6b1b
2026-07-09,10PM,2026-07-09|Anguilla|10PM,2026-07-09 21:21:03,2026-07-09 22:21:23,04,96,15,04|96|15,1ra,2da,3ra,91|95|47,91|95|47|15|24|35|56|18|25|29|75|52,,0,1,0,,15,,,15:3ra,0,1,0,EDGE REAL,0.801482,2.243764,0.000601,10.278657,6438,1753,1,82b45b2ae171119c4604abe76b3d4024
2026-07-09,11AM,2026-07-09|Anguilla|11AM,2026-07-09 10:21:01,2026-07-09 11:21:22,34,80,39,34|80|39,1ra,2da,3ra,29|54|00,29|54|00|44|03|61|69|74|73|28|82|38,,0,0,0,,,,,,0,0,0,EDGE MODERADO,0.684559,2.27049,0.000558,9.032215,6427,1663,1,62358ab3fd3b1d55218e104192d70f56
2026-07-09,12PM,2026-07-09|Anguilla|12PM,2026-07-09 11:21:04,2026-07-09 12:21:22,12,21,03,12|21|03,1ra,2da,3ra,72|68|55,72|68|55|75|32|70|44|09|48|05|56|80,,0,0,0,,,,,,0,0,0,EDGE MODERADO,0.691166,2.395528,0.000588,10.32041,6428,1694,1,611c401d70d6fd83693e268f0af0177e
2026-07-09,1PM,2026-07-09|Anguilla|1PM,2026-07-09 12:21:02,2026-07-09 13:21:20,58,39,16,58|39|16,1ra,2da,3ra,32|53|30,32|53|30|25|67|78|59|22|20|94|11|24,,0,0,0,,,,,,0,0,0,EDGE REAL,0.722165,2.563056,0.000669,12.073541,6429,1713,1,5107a94a6bf4027e0cf1493a6366164e
2026-07-09,2PM,2026-07-09|Anguilla|2PM,2026-07-09 13:21:00,2026-07-09 14:21:20,43,57,10,43|57|10,1ra,2da,3ra,93|12|10,93|12|10|42|74|87|41|56|55|76|62|59,,1,1,0,10,10,,10:3ra,10:3ra,1,1,0,NO JUGAR,0.653546,2.11431,0.000409,6.838257,6430,1741,1,34fb9db4093bb9b0128bffae78d1871f
2026-07-09,3PM,2026-07-09|Anguilla|3PM,2026-07-09 14:21:01,2026-07-09 15:21:19,13,56,26,13|56|26,1ra,2da,3ra,48|77|08,48|77|08|76|03|82|25|56|13|80|66|75,,0,2,0,,56|13,,,56:2da|13:1ra,0,1,0,NO JUGAR,0.653807,1.94997,0.000365,5.905528,6431,1749,1,b50b27725d5b0edb73f4ca67315b4aab
2026-07-09,4PM,2026-07-09|Anguilla|4PM,2026-07-09 15:21:00,2026-07-09 16:21:23,48,79,30,48|79|30,1ra,2da,3ra,49|74|38,49|74|38|05|64|00|21|71|86|92|30|69,,0,1,0,,30,,,30:3ra,0,1,0,NO JUGAR,0.552092,2.039315,0.000339,5.600083,6432,1759,1,6f5b224e5174e96aab31343113b3ceb6
2026-07-09,5PM,2026-07-09|Anguilla|5PM,2026-07-09 16:21:05,2026-07-09 17:21:21,62,19,84,62|19|84,1ra,2da,3ra,12|73|49,12|73|49|58|15|22|00|76|57|88|90|41,,0,0,0,,,,,,0,0,0,EDGE REAL,0.877685,2.298047,0.000681,11.722335,6433,1760,1,8afe6854ee5d87b4794c5bf0e9b98883
2026-07-09,6PM,2026-07-09|Anguilla|6PM,2026-07-09 17:21:03,2026-07-09 18:21:20,25,09,36,25|09|36,1ra,2da,3ra,18|98|14,18|98|14|44|37|93|97|66|68|60|85|52,,0,0,0,,,,,,0,0,0,EDGE MODERADO,0.655974,2.28156,0.000577,9.933382,6434,1688,1,86907916da458ddf7845d01921e63055
2026-07-09,7PM,2026-07-09|Anguilla|7PM,2026-07-09 18:21:00,2026-07-09 19:21:21,72,56,59,72|56|59,1ra,2da,3ra,39|71|15,39|71|15|94|54|87|26|65|66|22|92|62,,0,0,0,,,,,,0,0,0,EDGE MODERADO,0.800423,1.934016,0.000549,5.268358,6435,1667,1,1f99ee08a2df81b3ead2167a86a3f7f7
2026-07-09,8AM,2026-07-09|Anguilla|8AM,2026-07-09 07:20:59,2026-07-09 08:21:17,00,93,92,00|93|92,1ra,2da,3ra,13|49|99,13|49|99|71|94|50|72|09|38|62|25|03,,0,0,0,,,,,,0,0,0,NO JUGAR,0.685286,1.89331,0.000279,4.465604,6424,1664,0,25cf8af6be5d5a6bd7f46608acf6353e
2026-07-09,8PM,2026-07-09|Anguilla|8PM,2026-07-09 19:21:02,2026-07-09 20:21:19,61,56,77,61|56|77,1ra,2da,3ra,33|54|16,33|54|16|90|61|39|15|78|47|05|29|70,,0,1,0,,61,,,61:1ra,0,1,0,EDGE MODERADO,0.692873,2.05129,0.000944,7.462223,6436,1672,1,c563c43064860a52262ea7f8486b0707
2026-07-09,9AM,2026-07-09|Anguilla|9AM,2026-07-09 08:20:59,2026-07-09 09:21:23,80,53,17,80|53|17,1ra,2da,3ra,53|16|78,53|16|78|60|40|06|27|74|82|37|45|04,,1,1,0,53,53,,53:2da,53:2da,1,1,0,NO JUGAR,0.620965,2.382277,0.000481,8.44118,6425,1654,1,4bf58ec57d563e4d291505a4caf1dbdc
2026-07-09,9PM,2026-07-09|Anguilla|9PM,2026-07-09 20:21:01,2026-07-09 21:21:24,51,11,58,51|11|58,1ra,2da,3ra,68|41|58,68|41|58|34|62|51|55|71|80|02|83|82,,1,2,0,58,58|51,,58:3ra,58:3ra|51:1ra,1,1,0,NO JUGAR,0.644017,1.933772,0.000346,5.560015,6437,1733,1,44acd8cac3e8bfccf2c8a1407c63c62e
2026-07-10,10AM,2026-07-10|Anguilla|10AM,2026-07-10 09:21:00,2026-07-10 10:21:20,83,39,31,83|39|31,1ra,2da,3ra,14|48|17,14|48|17|05|85|74|65|33|96|73|44|25,,0,0,0,,,,,,0,0,0,NO JUGAR,0.784861,2.010488,0.000327,5.36599,6441,1673,1,30f41069d577606a618d98150da93bec
2026-07-10,10PM,2026-07-10|Anguilla|10PM,2026-07-10 21:21:04,2026-07-10 22:21:23,50,64,58,50|64|58,1ra,2da,3ra,74|73|22,74|73|22|09|58|68|83|80|65|61|17|12,,0,1,0,,58,,,58:3ra,0,1,0,NO JUGAR,0.640248,2.158916,0.000469,7.920629,6453,1736,1,be9b3d6f507effc791697daf02fc641a
2026-07-10,11AM,2026-07-10|Anguilla|11AM,2026-07-10 10:21:01,2026-07-10 11:21:22,10,34,88,10|34|88,1ra,2da,3ra,01|21|43,01|21|43|47|97|66|79|25|62|68|78|36,,0,0,0,,,,,,0,0,0,NO JUGAR,0.740223,2.083385,0.000432,7.178336,6442,1704,1,a43f1e215af68a6976530e34ceb86c69
2026-07-10,12PM,2026-07-10|Anguilla|12PM,2026-07-10 11:21:03,2026-07-10 12:21:23,72,50,57,72|50|57,1ra,2da,3ra,13|56|27,13|56|27|04|60|72|25|53|80|22|41|20,,0,1,0,,72,,,72:1ra,0,1,0,NO JUGAR,0.623444,1.867753,0.000268,4.272666,6443,1709,1,e2e08a92ba766c553ce71411eac65bba
2026-07-10,1PM,2026-07-10|Anguilla|1PM,2026-07-10 12:21:04,2026-07-10 13:21:19,59,26,43,59|26|43,1ra,2da,3ra,45|38|53,45|38|53|33|73|43|78|56|49|62|14|79,,0,1,0,,43,,,43:3ra,0,1,0,NO JUGAR,0.625808,2.523557,0.000705,12.65165,6444,1753,1,7bc2bdf213a5f0f2dfb1f70fe19e6b6a
2026-07-10,2PM,2026-07-10|Anguilla|2PM,2026-07-10 13:21:00,2026-07-10 14:21:19,69,84,70,69|84|70,1ra,2da,3ra,09|41|32,09|41|32|95|75|62|82|89|70|69|12|47,,0,2,0,,70|69,,,70:3ra|69:1ra,0,1,0,EDGE MODERADO,0.704086,2.094677,0.000475,7.917594,6445,1743,1,4ae9e9b529a6296553a0107ed081d7ba
2026-07-10,3PM,2026-07-10|Anguilla|3PM,2026-07-10 14:21:01,2026-07-10 15:21:19,06,93,87,06|93|87,1ra,2da,3ra,54|72|42,54|72|42|64|70|57|36|85|75|78|95|28,,0,0,0,,,,,,0,0,0,NO JUGAR,0.57197,1.768692,0.000472,4.275824,6446,1754,1,063449fef8b1c059e0869e400f36ffc4
2026-07-10,4PM,2026-07-10|Anguilla|4PM,2026-07-10 15:21:00,2026-07-10 16:21:21,48,70,89,48|70|89,1ra,2da,3ra,55|01|56,55|01|56|38|09|96|22|41|74|26|79|66,,0,0,0,,,,,,0,0,0,NO JUGAR,0.612966,1.98347,0.000348,5.69121,6447,1708,1,76641699d84cb68ed1173b639cf09eb9
2026-07-10,5PM,2026-07-10|Anguilla|5PM,2026-07-10 16:21:02,2026-07-10 17:21:18,15,63,84,15|63|84,1ra,2da,3ra,47|52|05,47|52|05|62|12|83|50|46|76|32|39|95,,0,0,0,,,,,,0,0,0,NO JUGAR,0.762136,1.899162,0.000314,5.048711,6448,1754,1,59b50838fee6386c371032251a951594
2026-07-10,6PM,2026-07-10|Anguilla|6PM,2026-07-10 17:20:59,2026-07-10 18:21:19,26,51,18,26|51|18,1ra,2da,3ra,44|11|16,44|11|16|23|61|43|37|04|70|72|06|88,,0,0,0,,,,,,0,0,0,EDGE REAL,0.771276,2.378388,0.000678,11.887685,6449,1748,1,42ed3e9482eb157f97dc01c3841f4145
2026-07-10,7PM,2026-07-10|Anguilla|7PM,2026-07-10 18:20:59,2026-07-10 19:21:22,50,92,20,50|92|20,1ra,2da,3ra,49|24|36,49|24|36|19|64|38|69|59|01|20|51|56,,0,1,0,,20,,,20:3ra,0,1,0,NO JUGAR,0.7093,2.089001,0.000359,5.994804,6450,1764,1,3c76ee6a50a4073937aef4f787544642
2026-07-10,8AM,2026-07-10|Anguilla|8AM,2026-07-10 07:21:02,2026-07-10 08:21:20,64,31,55,64|31|55,1ra,2da,3ra,51|44|91,51|44|91|43|96|68|17|37|19|38|15|29,,0,0,0,,,,,,0,0,0,NO JUGAR,0.607814,1.953365,0.000335,5.432606,6439,1704,0,8d01b525dff75e2948146f68288464a0
2026-07-10,8PM,2026-07-10|Anguilla|8PM,2026-07-10 19:21:03,2026-07-10 20:21:18,69,54,02,69|54|02,1ra,2da,3ra,65|92|05,65|92|05|42|40|11|29|15|67|72|28|04,,0,0,0,,,,,,0,0,0,NO JUGAR,0.738633,1.963775,0.000403,6.557335,6451,1736,1,f2019ba664924a8ce4836820953cfe9b
2026-07-10,9AM,2026-07-10|Anguilla|9AM,2026-07-10 08:21:02,2026-07-10 09:21:19,62,50,23,62|50|23,1ra,2da,3ra,99|75|86,99|75|86|94|55|71|54|90|92|85|36|19,,0,0,0,,,,,,0,0,0,NO JUGAR,0.642094,2.576,0.000792,14.310758,6440,1691,1,6f1505bdb47b2ae337d6f01a31b3fcbb
2026-07-10,9PM,2026-07-10|Anguilla|9PM,2026-07-10 20:20:59,2026-07-10 21:21:24,13,69,29,13|69|29,1ra,2da,3ra,74|82|95,74|82|95|18|02|06|70|72|83|25|58|75,,0,0,0,,,,,,0,0,0,NO JUGAR,0.783172,1.9787,0.000346,5.644204,6452,1738,1,466869404aa60226bfbc9f0fc9279785
2026-07-11,10AM,2026-07-11|Anguilla|10AM,2026-07-11 09:21:03,2026-07-11 10:21:20,50,38,82,50|38|82,1ra,2da,3ra,01|09|76,01|09|76|71|72|82|80|23|31|51|73|57,,0,1,0,,82,,,82:3ra,0,1,0,NO JUGAR,0.603349,2.049914,0.000342,5.680728,6456,1707,1,75fc3b64865d72b941bee523991e3b02
2026-07-11,10PM,2026-07-11|Anguilla|10PM,2026-07-11 21:21:01,2026-07-11 22:21:18,99,08,05,99|08|05,1ra,2da,3ra,29|42|28,29|42|28|06|53|83|38|08|44|91|33|63,,0,1,0,,08,,,08:2da,0,1,0,NO JUGAR,0.748203,1.971733,0.000437,5.589005,6468,1740,1,3e2c805fb3933876ea439d05839f5cbb
2026-07-11,11AM,2026-07-11|Anguilla|11AM,2026-07-11 10:21:01,2026-07-11 11:21:22,76,58,59,76|58|59,1ra,2da,3ra,96|17|54,96|17|54|43|44|55|24|02|03|41|16|47,,0,0,0,,,,,,0,0,0,NO JUGAR,0.638371,2.13384,0.000416,7.009576,6457,1664,1,d243c05c5141c6635fa672a68ab4dce9
2026-07-11,12PM,2026-07-11|Anguilla|12PM,2026-07-11 11:21:03,2026-07-11 12:21:21,96,55,84,96|55|84,1ra,2da,3ra,47|33|70,47|33|70|08|61|28|07|01|86|13|90|62,,0,0,0,,,,,,0,0,0,EDGE MODERADO,0.721837,1.989431,0.000533,6.821437,6458,1726,1,e7427a86a64b16663f5db48cb4bbc687
2026-07-11,1PM,2026-07-11|Anguilla|1PM,2026-07-11 12:21:00,2026-07-11 13:21:20,52,31,63,52|31|63,1ra,2da,3ra,72|23|70,72|23|70|75|47|09|28|17|29|11|46|19,,0,0,0,,,,,,0,0,0,NO JUGAR,0.634715,1.993826,0.000385,6.316767,6459,1755,1,555a1d3d6ef1ddd8781e214a9b1e5f7d
2026-07-11,2PM,2026-07-11|Anguilla|2PM,2026-07-11 13:21:01,2026-07-11 14:21:19,82,56,32,82|56|32,1ra,2da,3ra,96|80|74,96|80|74|56|69|44|81|02|86|23|33|40,,0,1,0,,56,,,56:2da,0,1,0,NO JUGAR,0.631916,1.984916,0.000376,5.697858,6460,1779,1,19b167f45e22ff7080bd5882f960fd74
2026-07-11,3PM,2026-07-11|Anguilla|3PM,2026-07-11 14:20:59,2026-07-11 15:21:23,23,12,59,23|12|59,1ra,2da,3ra,21|14|90,21|14|90|96|13|15|65|05|24|69|60|62,,0,0,0,,,,,,0,0,0,NO JUGAR,0.629813,1.760229,0.000246,3.845241,6461,1717,1,eccc1fe1c485f26c81a854ed31a8dffb
2026-07-11,4PM,2026-07-11|Anguilla|4PM,2026-07-11 15:21:04,2026-07-11 16:21:18,51,12,65,51|12|65,1ra,2da,3ra,62|86|88,62|86|88|79|39|29|07|67|19|53|47|85,,0,0,0,,,,,,0,0,0,NO JUGAR,0.758949,2.305716,0.000447,7.784012,6462,1743,1,370b22e109cf7cb007cb42de3636de18
2026-07-11,5PM,2026-07-11|Anguilla|5PM,2026-07-11 16:20:59,2026-07-11 17:21:24,87,05,92,87|05|92,1ra,2da,3ra,91|43|78,91|43|78|67|82|89|68|70|35|92|59|15,,0,1,0,,92,,,92:3ra,0,1,0,EDGE REAL,0.742306,2.229609,0.000591,10.11051,6463,1755,1,1ab34017d11353b511a097d40324d19e
2026-07-11,6PM,2026-07-11|Anguilla|6PM,2026-07-11 17:21:05,2026-07-11 18:21:23,89,54,87,89|54|87,1ra,2da,3ra,53|92|40,53|92|40|42|69|55|54|64|04|96|17|59,,0,1,0,,54,,,54:2da,0,1,0,NO JUGAR,0.703881,2.031171,0.000422,5.531853,6464,1779,1,133fe956b043f53dbbe9ac46e9b3c161
2026-07-11,7PM,2026-07-11|Anguilla|7PM,2026-07-11 18:21:03,2026-07-11 19:21:25,22,11,41,22|11|41,1ra,2da,3ra,49|77|94,49|77|94|72|27|62|82|74|12|06|20|87,,0,0,0,,,,,,0,0,0,NO JUGAR,0.610673,1.92589,0.000392,4.226795,6465,1778,1,5d5fb7c3d5a91525f931801fe631d406
2026-07-11,8AM,2026-07-11|Anguilla|8AM,2026-07-11 07:21:02,2026-07-11 08:21:22,78,16,98,78|16|98,1ra,2da,3ra,51|53|42,51|53|42|54|63|31|76|50|93|82|15|56,,0,0,0,,,,,,0,0,0,NO JUGAR,0.677907,2.047589,0.000413,6.831493,6454,1774,0,29261e925acd86ca00765924c2c0bd95
2026-07-11,8PM,2026-07-11|Anguilla|8PM,2026-07-11 19:21:06,2026-07-11 20:21:20,64,01,13,64|01|13,1ra,2da,3ra,07|51|37,07|51|37|19|01|12|47|36|52|22|98|54,,0,1,0,,01,,,01:2da,0,1,0,EDGE MODERADO,0.679364,2.127149,0.000452,7.60051,6466,1745,1,93cf543469ed3451523e1c97ba815c84
2026-07-11,9AM,2026-07-11|Anguilla|9AM,2026-07-11 08:21:02,2026-07-11 09:21:23,22,81,19,22|81|19,1ra,2da,3ra,34|71|52,34|71|52|38|29|32|96|15|70|14|59|31,,0,0,0,,,,,,0,0,0,NO JUGAR,0.62425,2.103976,0.000841,7.378864,6455,1748,1,b2f474b50abbd6bf7fe97b5b100b807c
2026-07-11,9PM,2026-07-11|Anguilla|9PM,2026-07-11 20:21:01,2026-07-11 21:21:21,78,58,72,78|58|72,1ra,2da,3ra,61|19|54,61|19|54|75|99|62|88|50|05|08|04|34,,0,0,0,,,,,,0,0,0,EDGE REAL,0.718943,2.287657,0.000748,8.419823,6467,1743,1,8c110d581bc96dcf84c0b4b97f09be45
2026-07-12,10AM,2026-07-12|Anguilla|10AM,2026-07-12 09:21:04,2026-07-12 10:21:21,32,37,12,32|37|12,1ra,2da,3ra,07|80|02,07|80|02|46|52|94|60|75|85|06|91|26,,0,0,0,,,,,,0,0,0,EDGE REAL,0.703271,2.672241,0.000967,17.805476,6471,1780,1,628ed5186541e96ec70885e100d49b6f
2026-07-12,10PM,2026-07-12|Anguilla|10PM,2026-07-12 21:21:03,2026-07-12 22:21:22,63,83,03,63|83|03,1ra,2da,3ra,83|02|38,83|02|38|14|84|74|10|58|06|73|17|95,,1,1,0,83,83,,83:2da,83:2da,1,1,0,EDGE MODERADO,0.725898,2.076758,0.000493,7.835624,6483,1761,1,7633821599f1512007eb7dc030be5f7b
2026-07-12,11AM,2026-07-12|Anguilla|11AM,2026-07-12 10:21:01,2026-07-12 11:21:22,21,03,67,21|03|67,1ra,2da,3ra,66|29|62,66|29|62|67|55|48|50|42|53|59|09|45,,0,1,0,,67,,,67:3ra,0,1,0,EDGE MODERADO,0.667967,2.241709,0.000508,8.741737,6472,1758,1,c40213efe5e386c58b4c8bacdb1dac0c
2026-07-12,12PM,2026-07-12|Anguilla|12PM,2026-07-12 11:21:03,2026-07-12 12:21:20,62,91,27,62|91|27,1ra,2da,3ra,86|31|99,86|31|99|23|10|96|22|88|07|77|39|47,,0,0,0,,,,,,0,0,0,NO JUGAR,0.801195,2.147903,0.000422,7.142515,6473,1755,1,d1bb4c7aad4e8b8d544e3d7cd2fd6e63
2026-07-12,1PM,2026-07-12|Anguilla|1PM,2026-07-12 12:21:01,2026-07-12 13:21:24,37,57,25,37|57|25,1ra,2da,3ra,39|33|92,39|33|92|53|95|35|98|43|60|45|14|58,,0,0,0,,,,,,0,0,0,EDGE REAL,0.743463,2.501666,0.000857,15.368325,6474,1697,1,718388254e8310bb4ba35e46d6e5a1c7
2026-07-12,2PM,2026-07-12|Anguilla|2PM,2026-07-12 13:21:05,2026-07-12 14:21:20,69,85,02,69|85|02,1ra,2da,3ra,66|71|35,66|71|35|39|34|56|75|18|76|09|38|02,,0,1,0,,02,,,02:3ra,0,1,0,EDGE MODERADO,0.768692,2.144685,0.000479,8.026312,6475,1740,1,16c265261b57db8faa22a15f641fd21e
2026-07-12,3PM,2026-07-12|Anguilla|3PM,2026-07-12 14:21:02,2026-07-12 15:21:22,48,05,27,48|05|27,1ra,2da,3ra,27|89|85,27|89|85|70|47|90|98|15|40|81|29|50,,1,1,0,27,27,,27:3ra,27:3ra,1,1,0,NO JUGAR,0.744891,1.996916,0.000386,6.348145,6476,1751,1,eacde7f667fe69fe2242498fa3f2d3cb
2026-07-12,4PM,2026-07-12|Anguilla|4PM,2026-07-12 15:21:02,2026-07-12 16:21:23,11,10,85,11|10|85,1ra,2da,3ra,51|95|58,51|95|58|12|83|31|55|69|25|60|76|68,,0,0,0,,,,,,0,0,0,EDGE REAL,0.819771,2.311182,0.000589,10.255078,6477,1785,1,12e335cee1c5d8b8cc41fc84d1b1d9e8
2026-07-12,5PM,2026-07-12|Anguilla|5PM,2026-07-12 16:21:04,2026-07-12 17:21:18,54,37,29,54|37|29,1ra,2da,3ra,76|32|48,76|32|48|34|11|04|53|52|16|93|67|57,,0,0,0,,,,,,0,0,0,NO JUGAR,0.750011,1.955229,0.00037,6.042416,6478,1759,1,4c1b329b10721af40155409523174ee8
2026-07-12,6PM,2026-07-12|Anguilla|6PM,2026-07-12 17:20:59,2026-07-12 18:21:18,16,24,34,16|24|34,1ra,2da,3ra,30|04|81,30|04|81|56|43|83|92|61|91|46|64|12,,0,0,0,,,,,,0,0,0,NO JUGAR,0.577545,1.894898,0.000525,4.93795,6479,1779,1,57bbae56d98efde079d909df0f75dfa7
2026-07-12,7PM,2026-07-12|Anguilla|7PM,2026-07-12 18:20:59,2026-07-12 19:21:21,52,20,67,52|20|67,1ra,2da,3ra,89|87|47,89|87|47|32|72|86|23|52|22|08|79|96,,0,1,0,,52,,,52:1ra,0,1,0,EDGE MODERADO,0.652987,2.361762,0.000665,11.675835,6480,1729,1,bb45af554619deb639cbdf4fad2f7e35
2026-07-12,8AM,2026-07-12|Anguilla|8AM,2026-07-12 07:21:00,2026-07-12 08:21:21,29,80,61,29|80|61,1ra,2da,3ra,85|26|32,85|26|32|71|03|14|56|95|55|81|20|92,,0,0,0,,,,,,0,0,0,NO JUGAR,0.627061,1.871571,0.000525,4.741798,6469,1759,0,d4ad1a616ba99cd154261a9150808976
2026-07-12,8PM,2026-07-12|Anguilla|8PM,2026-07-12 19:21:02,2026-07-12 20:21:23,10,45,68,10|45|68,1ra,2da,3ra,32|03|79,32|03|79|92|64|05|52|96|37|02|67|71,,0,0,0,,,,,,0,0,0,EDGE MODERADO,0.6924,2.525229,0.000645,11.6706,6481,1730,1,f1fcc16824d8ede74884906243a051a1
2026-07-12,9AM,2026-07-12|Anguilla|9AM,2026-07-12 08:21:01,2026-07-12 09:21:23,76,00,47,76|00|47,1ra,2da,3ra,71|20|56,71|20|56|86|24|06|15|09|33|43|34|61,,0,0,0,,,,,,0,0,0,NO JUGAR,0.585517,2.320148,0.000709,10.358094,6470,1758,1,d8c1c39a43e45fa43436f78bbc422287
2026-07-12,9PM,2026-07-12|Anguilla|9PM,2026-07-12 20:21:04,2026-07-12 21:21:22,50,19,07,50|19|07,1ra,2da,3ra,54|96|76,54|96|76|45|69|34|62|59|95|87|89|82,,0,0,0,,,,,,0,0,0,NO JUGAR,0.766565,1.790608,0.000444,3.868677,6482,1726,1,4a8f22e4526c496de672760f6ae020c0
2026-07-13,10AM,2026-07-13|Anguilla|10AM,2026-07-13 09:21:02,2026-07-13 10:21:21,53,20,09,53|20|09,1ra,2da,3ra,66|23|39,66|23|39|94|65|81|89|27|88|74|86|52,,0,0,0,,,,,,0,0,0,EDGE MODERADO,0.67398,2.135149,0.000474,7.949848,6486,1728,1,f69d0492a127b17f27bc3dddfbcf8caa
2026-07-13,10PM,2026-07-13|Anguilla|10PM,2026-07-13 21:21:02,2026-07-13 22:21:22,32,07,04,32|07|04,1ra,2da,3ra,52|78|97,52|78|97|43|01|92|75|96|29|70|86|54,,0,0,0,,,,,,0,0,0,NO JUGAR,0.673883,1.936811,0.000355,5.78291,6498,1734,1,601dd040d5d68aa1ec01616a90ebbe1d
2026-07-13,11AM,2026-07-13|Anguilla|11AM,2026-07-13 10:21:02,2026-07-13 11:21:23,65,58,43,65|58|43,1ra,2da,3ra,19|25|13,19|25|13|92|60|40|08|16|18|90|65|12,,0,1,0,,65,,,65:1ra,0,1,0,NO JUGAR,0.616649,2.017102,0.000361,5.98156,6487,1677,1,3917d62d960522aa08aa90fbf02378b3
2026-07-13,12PM,2026-07-13|Anguilla|12PM,2026-07-13 11:21:03,2026-07-13 12:21:21,32,35,75,32|35|75,1ra,2da,3ra,13|02|82,13|02|82|63|44|24|98|39|19|62|22|89,,0,0,0,,,,,,0,0,0,EDGE MODERADO,0.85669,2.326699,0.000549,9.610468,6488,1718,1,182fa746ce1222656585618da061794a
2026-07-13,1PM,2026-07-13|Anguilla|1PM,2026-07-13 12:21:01,2026-07-13 13:21:25,08,72,66,08|72|66,1ra,2da,3ra,64|02|32,64|02|32|67|81|06|99|38|14|77|03|59,,0,0,0,,,,,,0,0,0,EDGE MODERADO,0.780522,2.327057,0.000549,9.610468,6489,1732,1,31a45061c3702fc4f34681c23ede2edd
2026-07-13,2PM,2026-07-13|Anguilla|2PM,2026-07-13 13:21:04,2026-07-13 14:21:22,78,19,51,78|19|51,1ra,2da,3ra,77|33|93,77|33|93|22|88|29|96|38|90|20|00|73,,0,0,0,,,,,,0,0,0,EDGE MODERADO,0.670368,2.399521,0.00084,14.825261,6490,1777,1,e0ffcef366824c221aee5c6b9097ac8c
2026-07-13,3PM,2026-07-13|Anguilla|3PM,2026-07-13 14:21:03,2026-07-13 15:21:21,96,57,05,96|57|05,1ra,2da,3ra,43|09|41,43|09|41|68|13|39|28|74|35|20|95|44,,0,0,0,,,,,,0,0,0,NO JUGAR,0.722053,2.181849,0.0004,6.854478,6491,1743,1,bd6386cd75914a06159b49a1f106960c
2026-07-13,4PM,2026-07-13|Anguilla|4PM,2026-07-13 15:21:02,2026-07-13 16:21:20,82,05,49,82|05|49,1ra,2da,3ra,85|24|88,85|24|88|15|29|39|55|47|08|26|69|31,,0,0,0,,,,,,0,0,0,NO JUGAR,0.63035,1.849764,0.000285,4.561728,6492,1760,1,93049d724526cf6bad96c10877bc4bce
2026-07-13,5PM,2026-07-13|Anguilla|5PM,2026-07-13 16:21:00,2026-07-13 17:21:23,90,19,90,90|19|90,1ra,2da,3ra,27|56|48,27|56|48|61|60|01|17|11|54|36|99|86,,0,0,0,,,,,,0,0,0,NO JUGAR,0.622009,2.103337,0.000438,7.369893,6493,1707,1,007e13fa8a6135fb2007446f07f3f91d
2026-07-13,6PM,2026-07-13|Anguilla|6PM,2026-07-13 17:21:04,2026-07-13 18:21:23,27,21,54,27|21|54,1ra,2da,3ra,68|13|12,68|13|12|19|93|20|35|74|14|34|28|33,,0,0,0,,,,,,0,0,0,NO JUGAR,0.566925,2.151626,0.000427,7.271016,6494,1680,1,6a10fd829f158859b7a4afe6e78324dd
2026-07-13,7PM,2026-07-13|Anguilla|7PM,2026-07-13 18:21:03,2026-07-13 19:21:23,70,39,74,70|39|74,1ra,2da,3ra,86|70|75,86|70|75|91|48|25|28|62|52|17|94|42,,1,1,0,70,70,,70:1ra,70:1ra,1,1,0,NO JUGAR,0.735759,2.170789,0.00039,6.65666,6495,1666,1,85560fa3c5dd22024ba185cdf2b497de
2026-07-13,8AM,2026-07-13|Anguilla|8AM,2026-07-13 07:20:58,2026-07-13 08:21:18,57,32,62,57|32|62,1ra,2da,3ra,91|24|59,91|24|59|44|20|77|10|93|73|68|62|83,,0,1,0,,62,,,62:3ra,0,1,0,NO JUGAR,0.670517,1.988804,0.000382,6.271213,6484,1770,0,013c9e95636f6ab9304fffc958a29bee
2026-07-13,8PM,2026-07-13|Anguilla|8PM,2026-07-13 19:21:03,2026-07-13 20:21:19,44,87,22,44|87|22,1ra,2da,3ra,90|11|36,90|11|36|58|61|95|01|18|47|65|96|98,,0,0,0,,,,,,0,0,0,EDGE REAL,0.727862,2.340479,0.000561,9.87432,6496,1719,1,11849da3e4e57c3d08464937b84c9888
2026-07-13,9AM,2026-07-13|Anguilla|9AM,2026-07-13 08:20:59,2026-07-13 09:21:21,16,36,77,16|36|77,1ra,2da,3ra,39|20|56,39|20|56|70|48|37|22|67|59|72|27|25,,0,0,0,,,,,,0,0,0,EDGE MODERADO,0.66872,2.01648,0.000464,7.664392,6485,1733,1,a4a49365c4d3fc8e7272746bf1f45b80
2026-07-13,9PM,2026-07-13|Anguilla|9PM,2026-07-13 20:21:00,2026-07-13 21:21:23,64,06,01,64|06|01,1ra,2da,3ra,51|14|71,51|14|71|77|20|75|72|40|79|08|57|91,,0,0,0,,,,,,0,0,0,EDGE MODERADO,0.694354,2.705655,0.00092,17.109648,6497,1750,1,a426b4b51f7f63b1d5de94e1b85c2d79
2026-07-14,8AM,2026-07-14|Anguilla|8AM,2026-07-14 07:21:03,2026-07-14 08:21:17,10,50,32,10|50|32,1ra,2da,3ra,53|38|83,53|38|83|18|06|29|92|66|05|96|28|44,,0,0,0,,,,,,0,0,0,NO JUGAR,0.68778,2.116785,0.00033,5.582972,6499,1684,0,821167239e54b6af4ce3505686dd0f23
2026-07-14,9AM,2026-07-14|Anguilla|9AM,2026-07-14 08:20:58,2026-07-14 09:21:21,69,96,80,69|96|80,1ra,2da,3ra,26|92|59,26|92|59|72|23|27|96|15|57|94|29|66,,0,1,0,,96,,,96:2da,0,1,0,EDGE REAL,0.819606,2.304336,0.000583,10.177829,6500,1707,1,c2201486fa849273b6e17905ef22c10f
